{"text": "Exact poll", "label": "NEU", "score": 0.9795403480529785}
{"text": "If you are in Ahmedabad, do visit Halla Bol on the riverfront west side near Atal Bridge. Dr Kamlesh Raj Gaur at 6 pm", "label": "NEU", "score": 0.9755246639251709}
{"text": "PM Narendra Modi\u2019s Ahmedabad road show coverage", "label": "NEU", "score": 0.9722505807876587}
{"text": "By now you must have seen this, the most accurate exit poll", "label": "NEU", "score": 0.7184770107269287}
{"text": "SUPER COVERAGE ON GUJARAT ELECTION\u2026 HOME MINISTER, DEFENSE MINISTER AND BJP PRESIDENT 3 SUPER EXCLUSIVE INTERVIEWS", "label": "NEU", "score": 0.5324790477752686}
{"text": "BJP President claiming one-sided victory in the Rann of Gujarat, from using agency against the opposition to BJP President's exclusive interview on The Kashmir Finals at 10.30 am", "label": "NEU", "score": 0.6044978499412537}
{"text": "The Vadodara ground report Gujarat Election 2022", "label": "NEU", "score": 0.9834066033363342}
{"text": "The Surat ground reportGujaratElections2022", "label": "NEU", "score": 0.9832118153572083}
{"text": "Diamond City Surat today's coronation discussion happens every time that businessmen are angry but BJP had clean sweep in Surat in the last election\u2026 What will happen this time, watch Surat Live at 8 pm", "label": "NEU", "score": 0.9550800919532776}
{"text": "The Rajkot ground reportGujaratElection2022", "label": "NEU", "score": 0.9835878014564514}
{"text": "Rajkot is the industrial city in the middle of Saurashtra. Mahatma Gandhi studied here at Alfred High School. BJP had won 6 out of 8 seats in the 2017 elections, where Narendra Modi to Vijay Rupani have won the assembly elections. coronation at 8 pm", "label": "POS", "score": 0.5363067984580994}
{"text": "The Somnath ground reportGujaratElection2022", "label": "NEU", "score": 0.9832754731178284}
{"text": "Iniquity defeated. Faith defeated many attacks of Mughal invaders. Somnath Jyotirlinga, which is considered to be the first among the 12 Jyotirlingas, is a living answer to Hinduism from Ghaznavi, Khilji to Aurangzeb, despite the vandalism and looting of the Mughals. On the banks of the Arabian Sea neutral for eternity. coronation", "label": "NEU", "score": 0.5138666033744812}
{"text": "From Gandhi's Gujarat to Modi's Gujarat - Porbandar Election Ground Report", "label": "NEU", "score": 0.971938967704773}
{"text": "The city of Sudama, the birthplace of Mahatma Rajtilak from the historic port Porbandar on the coast of the Arabian Sea between Dwarka & Somnath, was dominated by crime from the 80s to the 90s - Santokben became its face and BJP is winning politics twice RGT B Ed College-Porbandar Coronation at 8 pm", "label": "NEU", "score": 0.8229770064353943}
{"text": "Ground Report from Dwarka, Gujarat - What the public saysGujaratElection2022", "label": "NEU", "score": 0.9804348945617676}
{"text": "Karmabhoomi of Lord Krishna, the place of pilgrimage for Hindus, Dwarka on the edge of the Arabian Sea, people in Gujarat will tell the report card of the government's work Akhil Ahir Samaj, reach at Wadicharkala Road, Dwarka at 8 pm.", "label": "NEU", "score": 0.973533570766449}
{"text": "Even the boys working in the channel do not wear clothes according to the Marathi culture, why this special love only for the 'girls working in the channel'?", "label": "NEU", "score": 0.8467621803283691}
{"text": "'Sahitya Aajtak', come and see us from tomorrow till 20th November, Register at Major Dhyan Chand Stadium, New Delhi: Sahitya Aajtak 22", "label": "NEU", "score": 0.9190002679824829}
{"text": "Well done Zimbabwe", "label": "POS", "score": 0.9818713665008545}
{"text": "Polling in Himachal Pradesh - 12 NovemberCounting - 8 December", "label": "NEU", "score": 0.9823037981987}
{"text": "Thank You The timing couldn't have been better. Three teachers from Delhi schools have already placed special early reading orders with me This book is going places. To another best seller", "label": "POS", "score": 0.9907668828964233}
{"text": "Supreme Court gives a landmark verdict on women\u2019s right to get an abortion SC says all women have the right to choice. Tune into for your daily fix of breaking news & updates from Courts across the country. The only legal news portal that has its pulse on the news", "label": "NEU", "score": 0.9047195911407471}
{"text": "On Saturday, Women in Iran removed their headscarves in protest against the murder of Mahsa Amini, 22 Yr old woman by hijab police.HearThem OpenYourEyes", "label": "NEG", "score": 0.7711420655250549}
{"text": "This woman removed her hijab and threw it in the air in front of security forces and dared them to arrest her. Men cheered for her.This is Sanandaj and people took to the streets to protest against the killing of Mahsa Amini. OpenYourEyes", "label": "NEG", "score": 0.7387235760688782}
{"text": "Iranian women show their anger by cutting their hair and burning their hijab to protest against the killing of Mahsa Amini by \u201cmorality police\u201d over hijab. Open Your Eyes", "label": "NEG", "score": 0.9775698184967041}
{"text": "A 22-year-old Iranian woman, Mahsa Amini, who fell into coma after she was beaten by the \u2018Morality Police\u2019 for wearing \u2018improper hijab\u2019, died on Friday in Tehran. On Saturday, Women of Iran- Saghez removed their headscarves in protest. AntiHijabProtests", "label": "NEG", "score": 0.7560818195343018}
{"text": "Arika's Ganpati love", "label": "POS", "score": 0.9613432288169861}
{"text": "Yogesh Gupta ji was playing the role of Maa Parvati in Jammu\u2026 Suddenly there was a cardiac arrest and then he died. Many such incidents have happened continuously.", "label": "NEG", "score": 0.5881280303001404}
{"text": "Duty PathCentralVista", "label": "NEU", "score": 0.9823305606842041}
{"text": "Will Rahul Gandhi become the President of the Congress Party? Can someone from outside the Gandhi family become Congress President? Why has there been a stampede in the Congress party? Before Bharat Jodo, Congress Jodo is needed? Watch answers on these questions in Third Degree, at 8 pm", "label": "NEU", "score": 0.9281142950057983}
{"text": "The \u2019s inspiring saga", "label": "POS", "score": 0.653920590877533}
{"text": "See this brutal lathi charge on teacher candidates in Patna. embarrassing", "label": "NEG", "score": 0.9810068011283875}
{"text": "Thank you", "label": "POS", "score": 0.9525659084320068}
{"text": "Thankyou Ashish", "label": "POS", "score": 0.6246413588523865}
{"text": "Thank you", "label": "POS", "score": 0.9525659084320068}
{"text": "Halla Bol 10 years strong What did Prime Minister Narendra Modi say on Halla Bol\u2026 watch 10SaalHallaBolwithAnjana", "label": "POS", "score": 0.7058494091033936}
{"text": "Vande Mataram \ud83c\uddee\ud83c\uddf3IndiaAt75", "label": "NEU", "score": 0.9727608561515808}
{"text": "Halla Bol turns 10. That was the first episode today at 6 pm, continuously for ten years now", "label": "NEU", "score": 0.9468228220939636}
{"text": "Thankyou", "label": "POS", "score": 0.9534537196159363}
{"text": "Thankyou", "label": "POS", "score": 0.9534537196159363}
{"text": "historical. Draupadi Murmu became the country's first adivasi woman Excellency\u2026 Your life after facing immense calamities will inspire the daughters of the country.", "label": "NEU", "score": 0.6525651812553406}
{"text": "So proud of this Keep inspiring PV Sindhu wins her maiden Singapore Open title by defeating China's Wang Zhi Yi.PVSindhu SingaporeOpen2022", "label": "POS", "score": 0.9868817329406738}
{"text": "Ons Jabeur lost the Wimbledon final but what an inspiration she is The first Arab and the first African woman to reach the Wimbledon final. So many girls will be inspired. Hopefully in Afghanistan too where Taliban wants them to stay out of even news studios. Sheroes", "label": "POS", "score": 0.8072038292884827}
{"text": "Guru Kaun Thursday Maharashtra will have majority test.", "label": "NEU", "score": 0.9810593724250793}
{"text": "He kept doing selective stone pelting on social media in the name of factcheck. Those who have been getting benefited, today only those have come out in the locality.", "label": "NEG", "score": 0.8677873611450195}
{"text": "Government's big decision in Agneepath scheme- \u2022 10 percent reservation for Agniveers in Assam Rifles and CAPF \u2022 Age relaxation of two years has been given this time", "label": "NEU", "score": 0.9653462767601013}
{"text": "These trains which are being set ablaze one after the other are as much for the passengers who use the Indian Railways. There should be a difference between protest and violence.", "label": "NEG", "score": 0.7777695655822754}
{"text": "Thankyou Sidharth \ud83d\ude0a", "label": "POS", "score": 0.7110695242881775}
{"text": "Thankyou Swati \ud83d\ude0a", "label": "POS", "score": 0.7971428632736206}
{"text": "Thanks Marya \ud83d\ude0a", "label": "POS", "score": 0.6089373826980591}
{"text": "Thanks \ud83d\ude4f\ud83c\udffc", "label": "POS", "score": 0.8551580309867859}
{"text": "Thankyou Divya \ud83d\ude0a", "label": "POS", "score": 0.8426197171211243}
{"text": "thank you", "label": "POS", "score": 0.8770421147346497}
{"text": "Thank you sir", "label": "POS", "score": 0.926601767539978}
{"text": "Thank you \ud83d\ude4f\ud83c\udffc", "label": "POS", "score": 0.9650481939315796}
{"text": "Thank you for Hi manga books", "label": "POS", "score": 0.945268452167511}
{"text": "Thankyou", "label": "POS", "score": 0.9534537196159363}
{"text": "Thankyou", "label": "POS", "score": 0.9534537196159363}
{"text": "thank you vishwas ji", "label": "POS", "score": 0.8354519605636597}
{"text": "\ud83d\ude4f\ud83c\udffc Thank you", "label": "POS", "score": 0.8891212344169617}
{"text": "Thank you Anant ji for the best wishes.", "label": "POS", "score": 0.9906781911849976}
{"text": "Thank You sir \ud83d\ude4f\ud83c\udffc", "label": "POS", "score": 0.9554599523544312}
{"text": "Har Har Mahadev Thank you Shani \ud83d\ude4f\ud83c\udffc", "label": "POS", "score": 0.6233348250389099}
{"text": "Thank you \ud83d\ude4f\ud83c\udffc\ud83d\ude0a", "label": "POS", "score": 0.965477705001831}
{"text": "Aandhiyon se jhagad rahi hai lo meri\u2026Natvardas Best Prime Time TV News Anchor & Best News Debate Show (Rajtilak-Furfura Sharif- Bengal Election)", "label": "POS", "score": 0.6895974278450012}
{"text": "Yasin Malik sentenced to life imprisonment. The crimes of years have finally been accounted for. A new example - not a separatist but a terrorist. Being a separatist leader who used to roam around with pride, the NIA brought out the gunpowder hidden under the carpet.", "label": "NEG", "score": 0.7925593852996826}
{"text": "Listen To Hanuman Chalisa - Aastha Ya Varvad Gatha By Navneet Rana At 7 Pt", "label": "NEU", "score": 0.978845477104187}
{"text": "The whole fight is between real and fake Hindutvaists... Listen to Navneet Rana at 7 pm", "label": "NEU", "score": 0.7031322121620178}
{"text": "Why is Navneet Rana becoming a mace holder in the politics of Maharashtra? Navneet Rana says that if Balasaheb was there, he would have buried the one who offered flowers on Aurangzeb's grave, Hanuman Chalisa- devotion or politics? at 7 pm", "label": "NEU", "score": 0.9686146974563599}
{"text": "\u201cThe fear is so much that my family is worried about my safety and I am worried about my family's safety.\u201d ~ Judge Ravi Kumar Divakardar", "label": "NEG", "score": 0.7325748801231384}
{"text": "Berlin's arteries were throbbing with the threat of India...Listen carefully people of the world PMModiInEurope", "label": "NEG", "score": 0.9240944981575012}
{"text": "India at Brandenburg gate, Berlin, the colours of a shining powerPMModiInEurope", "label": "POS", "score": 0.9650986194610596}
{"text": "INDIA Berlin ...\ud83d\udd25", "label": "NEU", "score": 0.9801594018936157}
{"text": "Berlin turned into mini India The Modi welcome \ud83c\uddee\ud83c\uddf3", "label": "POS", "score": 0.9444382190704346}
{"text": "thanks anant ji", "label": "POS", "score": 0.7881743907928467}
{"text": "Yeh Wala Best continuing coverage by a Reporter EnbaAwards for ground reporting in Bengal elections", "label": "POS", "score": 0.8852615356445312}
{"text": "Thank you", "label": "POS", "score": 0.9525659084320068}
{"text": "Thank you very much Himanshu ji", "label": "POS", "score": 0.9442011713981628}
{"text": "Thank You sir", "label": "POS", "score": 0.9533675909042358}
{"text": "Halla Bol on which I am more proud than myself, fearless platform of questions, part of life. Now giving gold. enbaAwards", "label": "POS", "score": 0.9880529642105103}
{"text": "When a Chief Minister gives the color of 'love affair' to gang rape, when she asks the girl herself whether she was pregnant, then you are committing the biggest crime with a 14-year-old girl. Stop copy pasting love affair theories.", "label": "NEG", "score": 0.9772218465805054}
{"text": "cycle of time Lesson- Think many times before giving a job offer. Nawaz Sharif must have beaten his head for years", "label": "NEG", "score": 0.9355651140213013}
{"text": "Some ordinary looking people rule the hearts of people with their skills. His personality is also like this. Manoj's stubbornness to win over the struggles in the biography written by - Ek Bihari Sab Par Bhari \ud83d\ude0a", "label": "NEU", "score": 0.9359726309776306}
{"text": "This is not a tradition, it is a curse. Dowry is a crime according to the law against half of the country's population.", "label": "NEU", "score": 0.5575574636459351}
{"text": "today it becomes", "label": "NEU", "score": 0.9722360372543335}
{"text": "Shut up, shut up, how long will I listen my dear, wonderful", "label": "NEG", "score": 0.8432372808456421}
{"text": "colors in your life", "label": "NEU", "score": 0.8906238675117493}
{"text": "After 32 years the layers of ice have melted... Will you call these tears also 'incomplete truth'? The Kashmir Files", "label": "NEG", "score": 0.9215099215507507}
{"text": "\"We suffered all the oppression but did not pick up the gun\"...when the dialogue of Kashmir Files dripped from the voice and eyes of Kashmiri Pandits who search for evidence at 4 PM", "label": "NEG", "score": 0.8443212509155273}
{"text": "Roses can be in the strong hands of women even in the midst of gunpowder... We will keep 'making' Women's Day every day.", "label": "NEU", "score": 0.6385188102722168}
{"text": "Exit poll predictions in Uttar Pradesh IndiaTodayAxisExitPoll", "label": "NEU", "score": 0.983353853225708}
{"text": "Exit poll predictions in Manipur India Today Axis Exit Poll", "label": "NEU", "score": 0.9843584299087524}
{"text": "Exit poll predictions in Goa India Today Axis Exit Poll", "label": "NEU", "score": 0.9840040802955627}
{"text": "Exit poll predictions in Uttarakhand India Today Axis Exit Poll", "label": "NEU", "score": 0.9835039377212524}
{"text": "exit polls in punjab", "label": "NEU", "score": 0.9820720553398132}
{"text": "WE KNOW YOU ARE WATCHING US...Still tell you, EXACT RESULTS WATCH 48/52 TIMES...IndiaTodayAxisExitPoll", "label": "NEU", "score": 0.8476143479347229}
{"text": "Super proud \u2764\ufe0f", "label": "POS", "score": 0.9901605844497681}
{"text": "Everyone dancing Ram Gosain from the dip of faith to the political dip from Ayodhya today coronation grand", "label": "POS", "score": 0.8078153133392334}
{"text": "Campaign trail of Rajnath EXCLUSIVE at 6 pm", "label": "NEU", "score": 0.9811619520187378}
{"text": "O people of my country, fill your eyes with water... Lataji \ud83d\ude4f\ud83c\udffc", "label": "NEU", "score": 0.9444257020950317}
{"text": "a show... heavy on all", "label": "NEU", "score": 0.9703845977783203}
{"text": "We have a fully IT driven GST regime now.GST has led to better compliance.GST collections for January 1,40,986 crores (highest since inception of GST)~ FM", "label": "POS", "score": 0.9149139523506165}
{"text": "30% tax on Cryptocurrency gains Big.", "label": "NEU", "score": 0.9497997760772705}
{"text": "We are the ones till today...this is the oath", "label": "NEU", "score": 0.9743863344192505}
{"text": "\u201cA man may die for an idea, but that idea will, after his death, incarnate itself in a thousand lives.\u201d ~ Netaji Subhash Chandra Bose", "label": "NEU", "score": 0.9330313801765442}
{"text": "This land is Uttar Pradesh, the election of the 'government' is yet to be doneAajTakYeBhoomiUPhai", "label": "NEU", "score": 0.9782195091247559}
{"text": "Kiski chali hai abke hawa...riding on the waves Yogi Adityanath's interview with the biggest panchayat Varanasi cruise on up elections Banarasia at 8 pm", "label": "NEU", "score": 0.9697046875953674}
{"text": "What percentage of people who vote for BJP vote for BJP only in the name of Narendra Modi? Today PSE (Political Stock Exchange) on Modi factor through the telescope of data at 6 pm", "label": "NEU", "score": 0.8687471151351929}
{"text": "Human relations are complex. A powerful movie captures this complexity intricately. Do watchWell done Powerful & a thought provoking short film. Must watch", "label": "POS", "score": 0.9757733941078186}
{"text": "Will UP Chief Minister Yogi Adityanath be able to create a new history of returning to power? What do the statistics say? Watch PSE at 6 pm", "label": "NEU", "score": 0.8101571798324585}
{"text": "A tribute.", "label": "NEU", "score": 0.9800944924354553}
{"text": "Group Captain Varun Singh is still fighting for life in the hospital Prayers \ud83d\ude4f\ud83c\udffc He was earlier also awarded Shaurya Chakra for combating mid air emergency in LCA Tejas.", "label": "NEU", "score": 0.947356641292572}
{"text": "*11 others are no more, Group Capt Varun Singh, is undergoing treatment at the Military Hospital, Wellington.", "label": "NEU", "score": 0.9617454409599304}
{"text": "Gen Bipin Rawat and wife Madhulika Rawat have lost their lives along with 12 others in the Kanoor helicopter crash. Such a tragedy. May the families stay strong.", "label": "NEG", "score": 0.8558503985404968}
{"text": "My account email id has been changed and I cannot change my password also.", "label": "NEG", "score": 0.9234175086021423}
{"text": "My Twitter account has been compromised. Received a DM from a verified Twitter Feedback handle. As I clicked on it my handle has been hacked.", "label": "NEU", "score": 0.8453954458236694}
{"text": "On leave since Friday but don't let that come in the way of your harrassment. Supari ka farz nibhao. Your hallucination needs treatment.", "label": "NEG", "score": 0.9089866876602173}
{"text": "Happy Diwali \ud83e\ude94", "label": "POS", "score": 0.9881764054298401}
{"text": "Happy Diwali \ud83e\ude94\ud83e\ude94\ud83e\ude94", "label": "POS", "score": 0.9901583790779114}
{"text": "PM Modi will visit Kedarnath on November 5, will unveil the statue of Shri Adi Shankaracharya, the mausoleum has been reconstructed after the devastation in the flood of 2013", "label": "NEU", "score": 0.9388251900672913}
{"text": "Rock stars of our digital team \ud83e\udd70", "label": "POS", "score": 0.9918335676193237}
{"text": "The rocking digital team\ud83e\udd70", "label": "POS", "score": 0.9906313419342041}
{"text": "Covaxin proves 'Made in India' with approval in emergency list of indigenous vaccine. Scientists, researchers ensure that we wave the flag in the case of vaccine", "label": "NEU", "score": 0.5445832014083862}
{"text": "Exclusive in Ram Lalla temple when he sent a daughter of Kabul on the behest of the Prime Minister to reach the temple in Ayodhya to offer water from Kabul river", "label": "NEU", "score": 0.9698759317398071}
{"text": "Kashmir ki kali? Can\u2019t wait to come back. What an experience this must be", "label": "POS", "score": 0.9923861026763916}
{"text": "Pristine experience waiting for tourists Breathtaking beauty\ud83d\udef6", "label": "POS", "score": 0.9921533465385437}
{"text": "When the formidably super talented gives you a compliment, the video is worth posting", "label": "POS", "score": 0.9516651034355164}
{"text": "Home Minister Amit Shah to have dinner with jawans and stay tonight in CRPF Camp, Lethpora, Pulwama district. Yesterday he visited the last post on the Indo Pak border to review security measures and counter infiltration strategy.", "label": "NEU", "score": 0.9725748896598816}
{"text": "Thank You for the amazing hospitality and mithai \ud83d\ude4f\ud83c\udffc", "label": "POS", "score": 0.992048442363739}
{"text": "A warm welcome by  The 3 degree cold and heavy rains forgotten with my chocolate photo frame and Kashmir \ud83c\udf4e wali warm hospitality", "label": "POS", "score": 0.9645477533340454}
{"text": "Snow capped mountains and rain... welcome to Srinagar", "label": "POS", "score": 0.5534178614616394}
{"text": "In the first visit to Srinagar after the removal of Article 370, the Home Minister reached the house of martyr CID Inspector Parvez Ahmad Dar to express his condolences and welcomed the martyr's wife Fatima Akhtar to the government job. Will also review the security and Srinagar to Sharjah flight even the beginning", "label": "NEU", "score": 0.5243945121765137}
{"text": "India became the first country to give 100 crore doses, breaking the vaccination record \ud83c\uddee\ud83c\uddf3 Hail", "label": "POS", "score": 0.6784446239471436}
{"text": "The mirror remains the same, the faces change.", "label": "NEU", "score": 0.7656896114349365}
{"text": "Congratulations Truly deserving of this and many more", "label": "POS", "score": 0.991617739200592}
{"text": "Navjot Singh Sidhu resigns as Punjab Congress chief. Amidst reports that Capt Amrinder Singh is heading to Delhi to meet Amit Shah, Sidhu resigns. Punjab Congress crisis intensifies", "label": "NEU", "score": 0.9007624387741089}
{"text": "Incredible clarity. Right of reply by Sneha Dubey First Secretary against Pakistan Prime Minister Imran Khan's Kashmir remarks at UNGA", "label": "POS", "score": 0.7788497805595398}
{"text": "Bilateral scheduled for 1 hour went on for 1 &1/2 hour between Prime Minister Modi and President Joe Biden.Biden said seeing the relevance and success, we should plan a 2 day bilateral to justify the relationship of the two countries.", "label": "NEU", "score": 0.8711150288581848}
{"text": "India will produce 8 Million Biological E vaccines of Johnson & Johnson and give it to the Quad pool for distribution to needy countries.", "label": "NEU", "score": 0.8655942678451538}
{"text": "QUAD meet- All 4 countries including America, Australia, Japan and India were critical of China and Taliban. Afghanistan was discussed at length.", "label": "NEU", "score": 0.9618810415267944}
{"text": "Big exclusive- Prime Minister Narendra Modi raised the issue of CLEAN APP MOVEMENT aimed at reigning in the Chinese app menace. This issue resonated with all 3 countries in the Quad Meet.", "label": "NEU", "score": 0.92537522315979}
{"text": "Saare Jahan Se Accha Hindustan Hamara...the spirit of the Indians who came to welcome Prime Minister Narendra Modi outside the White House. Unique", "label": "POS", "score": 0.8086420893669128}
{"text": "Yeh dosti hum nahi todenge Live coverage of Prime Minister Narendra Modi's US tour continuously", "label": "NEU", "score": 0.971766471862793}
{"text": "5 CEOs who will be meeting PM Narendra Modi in US", "label": "NEU", "score": 0.8617216944694519}
{"text": "Heading to Washington DC & New York to cover Prime Minister Narendra Modi\u2019s US visit. Post the Taliban take over of Afghanistan, action packed 4 day visit. Important bilateral meet with Joe Biden, QUAD meet, PM will also meet Kamala Harris, US top CEO\u2019s & address UNGA in NY\u2708\ufe0f", "label": "NEU", "score": 0.869805097579956}
{"text": "Pakistan insisted that the Taliban Govt. should be allowed to attend SAARC Foreign Ministers meet in New York. Many countries refused. Pak then insisted that the previous Afghan govt should not be allowed at any cost. Most SAARC nations refused & SAARC meet was cancelled.", "label": "NEG", "score": 0.8872970938682556}
{"text": "Anklets on her tiny legs...anklets on her slender legs...anklets on her tired legsTo...anklets on her wrinkled legs\u2018Euphony of My Heart\u2019 is a wonderful collection of poems by on human emotions. A lovely read, book your copy", "label": "POS", "score": 0.9762635231018066}
{"text": "\u201cI said on the equality side of it, that it is essential to a woman's equality with man that she be the decision-maker, that her choice be controlling\u201d ~ Ruth Bader Kinsberg", "label": "NEU", "score": 0.827578604221344}
{"text": "To the 1.25 billion Vaccination-Nation Record-Breaking", "label": "POS", "score": 0.579704225063324}
{"text": "One Facebook post, many high profile murders, the book 'Pishaach' Aa Gayi Kamal will give you chills, definitely buy Read More", "label": "NEG", "score": 0.9536914229393005}
{"text": "I am gloating so much, can you imagine the joy of her parents Just incredible AvaniLekharaIND\u00a0\u00a0's first woman to win Paralympics\u00a0\u00a0 gold\u00a0\u00a0 at just 19 years, equalling a WORLD RECORD. What a debutTokyo2020\u00a0\u00a0 ShootingParaSport", "label": "POS", "score": 0.9922983050346375}
{"text": "Even the sky becomes small in front of such courage Bhavina Patel\ud83d\ude4f\ud83c\udffc ProudSilverIND Paralympics ParaTableTennis \ud83c\udfc6", "label": "POS", "score": 0.9323118329048157}
{"text": "The 1 crore Vacci-Nation in a day unmatched record.", "label": "NEU", "score": 0.6996062994003296}
{"text": "Every successive ten crore vaccine doses have taken fewer days to deliver in India, raising hopes that we may be closer to the target of total inoculation by the end of this year.", "label": "NEU", "score": 0.6527775526046753}
{"text": "A little bit of dust of my land, of my country\u2026 A little bit of fragrance, a little bit of crazy breeze, a little bit of blowing dhak-dhak-dhak-dhak, passion in the breath \u2013 those drops of red blood\u2026 today we are 75, many best wishes \ud83c\uddee\ud83c\uddf3", "label": "POS", "score": 0.9890546798706055}
{"text": "Neeraj Chopra created history, pure gold Olympics", "label": "POS", "score": 0.5693068504333496}
{"text": "You are the champions for us Generations will take inspiration from your grit and sacrifice \u2764\ufe0fwomen hockey india", "label": "POS", "score": 0.9904727339744568}
{"text": "If not win then not right, won the hearts of crore women's hockey CheerForIndia Olympics", "label": "POS", "score": 0.8760983347892761}
{"text": "This is my share of the sky in my fist...Indian Women Hockey SemiFinals RecordTokyo 2020", "label": "NEU", "score": 0.7954663634300232}
{"text": "Means straight hit a hat-trick in the Olympics Jio Vandana Kataria Kamalpreet Kaur made it to the finals of discus throw It is not just about the hope of medal \u2013 it is about the desire and courage", "label": "POS", "score": 0.8728330135345459}
{"text": "Daughters are there So proud... NavneetKaur WomenHockey", "label": "NEU", "score": 0.723996639251709}
{"text": "All the parties of the opposition were deciding the strategy together. Several MPs from Lok Sabha and Rajya Sabha were present. The meeting was held under the leadership of Leader of Opposition in Rajya Sabha Mallikarjun Kharge. Rahul Gandhi also participated. Will Parliament run now?", "label": "NEU", "score": 0.8075945973396301}
{"text": "Big move. Rakesh Asthana appointed as the new Delhi Police Commissioner.", "label": "NEU", "score": 0.831192135810852}
{"text": "You go on, even the time of your existence is looking for... proud priyamalik MaryKomManikaBatra", "label": "NEU", "score": 0.5437644720077515}
{"text": "Don't ask for the first love from me, my lover ~ Like these words of Faiz Ahmed Faiz Sahab were waiting for this tear of Surekha Sikri ji... There is no competition for this performance... You also listen... Tribute", "label": "NEU", "score": 0.6172486543655396}
{"text": "What a legend \u201cJourney of a decade that won\u2019t stop here\u201d, he said the grass must taste like victorywimbledon grassforwinners", "label": "POS", "score": 0.9820382595062256}
{"text": "The incredibly inspiring Djokovic wins Wimbledon to match Federer and Nadal's record of 20 major titles", "label": "POS", "score": 0.8935732245445251}
{"text": "The Modi Ministers", "label": "NEU", "score": 0.953453004360199}
{"text": "The love that you fear is not love, it is debauchery, it is a crime ~ Dilip sahab's dialogue in Mughal-e-Azam which I have seen many times... Salim is really not afraid of withering thorns...RIP", "label": "NEU", "score": 0.7429537773132324}
{"text": "The distance between heart and Delhi can end? After Prime Minister Narendra Modi's all-party meeting on Kashmir, the first exclusive interview of the Lieutenant Governor of Jammu and Kashmir at 6 pm Understand the chronology of delimitation, elections and 'statehood', Gupkar and Delhi's distance what about", "label": "NEU", "score": 0.982001006603241}
{"text": "If you are among those who got more than 80 lakh vaccines today, then congratulations, today India has created a world record.", "label": "POS", "score": 0.9674168825149536}
{"text": "A very happy birthday & indeed his hard work and non-stop commitment to the medical profession makes us all so proud", "label": "POS", "score": 0.9925785660743713}
{"text": "thank you so much", "label": "POS", "score": 0.9858405590057373}
{"text": "Came across this amazing show MaharaniTayari Thi Gaon Ki Ho Gayi Singhasan-Dharid Story of Rani Bharti-Biwi to Chief MinisterSorryNahiSunenge gave her power to take control. 'Maharani' moments that make us, worth binge watching My take on women in politics", "label": "POS", "score": 0.9140757918357849}
{"text": "Thankyou", "label": "POS", "score": 0.9534537196159363}
{"text": "Thanks \ud83d\ude4f\ud83c\udffc", "label": "POS", "score": 0.8551580309867859}
{"text": "thanks others", "label": "POS", "score": 0.8315122127532959}
{"text": "Thanks \ud83d\ude4f\ud83c\udffc", "label": "POS", "score": 0.8551580309867859}
{"text": "Thankyou rockstar", "label": "POS", "score": 0.9865604639053345}
{"text": "Thank you very much \ud83d\ude4f\ud83c\udffc", "label": "POS", "score": 0.9589627385139465}
{"text": "Thank you \ud83d\ude4f\ud83c\udffc", "label": "POS", "score": 0.9650481939315796}
{"text": "Thank you Vivek ji", "label": "POS", "score": 0.9394371509552002}
{"text": "Thank You for your wishes", "label": "POS", "score": 0.9824549555778503}
{"text": "Thankyou  Sushant \ud83d\ude0a", "label": "POS", "score": 0.5907645225524902}
{"text": "Thank you \ud83d\ude4f\ud83c\udffc", "label": "POS", "score": 0.9650481939315796}
{"text": "Thank you very much \ud83d\ude4f\ud83c\udffc", "label": "POS", "score": 0.9589627385139465}
{"text": "Thank you very much \ud83d\ude4f\ud83c\udffc", "label": "POS", "score": 0.9589627385139465}
{"text": "Thank you \ud83d\ude4f\ud83c\udffc", "label": "POS", "score": 0.9650481939315796}
{"text": "Thanks a lot", "label": "POS", "score": 0.9673445820808411}
{"text": "Thank you \ud83d\ude4f\ud83c\udffc", "label": "POS", "score": 0.9650481939315796}
{"text": "Thanks Nishant \ud83d\ude0a", "label": "POS", "score": 0.6294741034507751}
{"text": "Thanks a lot", "label": "POS", "score": 0.9673445820808411}
{"text": "Thankyou", "label": "POS", "score": 0.9534537196159363}
{"text": "thanks a lot", "label": "POS", "score": 0.965872585773468}
{"text": "Thank You so much for your lovely wishes", "label": "POS", "score": 0.9920697212219238}
{"text": "Thank you very much sir", "label": "POS", "score": 0.95765221118927}
{"text": "thank you Sumit ji", "label": "POS", "score": 0.7930411100387573}
{"text": "Thank You for the lovely wishes Sanjay ji", "label": "POS", "score": 0.9906108975410461}
{"text": "Thankyou Parag", "label": "POS", "score": 0.8734049201011658}
{"text": "Thank You so much", "label": "POS", "score": 0.9877535700798035}
{"text": "Thank you very much \ud83d\ude4f\ud83c\udffc", "label": "POS", "score": 0.9589627385139465}
{"text": "Thanks a lot", "label": "POS", "score": 0.9673445820808411}
{"text": "Thank you very much \ud83d\ude4f\ud83c\udffc", "label": "POS", "score": 0.9589627385139465}
{"text": "Thankyou", "label": "POS", "score": 0.9534537196159363}
{"text": "Thankyou Sanjay ji \ud83d\ude0a\ud83d\ude4f\ud83c\udffc", "label": "POS", "score": 0.8688285946846008}
{"text": "Thank You so much \ud83d\ude4f\ud83c\udffc\ud83d\ude0a", "label": "POS", "score": 0.9892233610153198}
{"text": "Thank you very much for the congratulations", "label": "POS", "score": 0.9913442134857178}
{"text": "Thank you \ud83d\ude4f\ud83c\udffc", "label": "POS", "score": 0.9650481939315796}
{"text": "Thank you \ud83d\ude4f\ud83c\udffc", "label": "POS", "score": 0.9650481939315796}
{"text": "Thank you \ud83d\ude4f\ud83c\udffc", "label": "POS", "score": 0.9650481939315796}
{"text": "thank you very much sudesh ji", "label": "POS", "score": 0.9096385836601257}
{"text": "Thank You for the wishes \ud83d\ude0a", "label": "POS", "score": 0.9891515970230103}
{"text": "Thank you Suresh Prabhu", "label": "POS", "score": 0.9204760193824768}
{"text": "Thankyou", "label": "POS", "score": 0.9534537196159363}
{"text": "Thank you very much Punia ji", "label": "POS", "score": 0.9550977349281311}
{"text": "Many thanks \ud83d\ude4f\ud83c\udffc", "label": "POS", "score": 0.982923686504364}
{"text": "Thank you very much Shahnawaz ji", "label": "POS", "score": 0.9345276355743408}
{"text": "Thankyou \ud83d\ude0a", "label": "POS", "score": 0.9613977670669556}
{"text": "Thankyou Amrita \ud83e\udd70", "label": "POS", "score": 0.8312428593635559}
{"text": "Thanks a lot", "label": "POS", "score": 0.9673445820808411}
{"text": "thanks a lot", "label": "POS", "score": 0.965872585773468}
{"text": "Thanks a lot", "label": "POS", "score": 0.9673445820808411}
{"text": "Thank you very much \ud83d\ude4f\ud83c\udffc", "label": "POS", "score": 0.9589627385139465}
{"text": "Thank you \ud83d\ude4f\ud83c\udffc", "label": "POS", "score": 0.9650481939315796}
{"text": "Thankyou \ud83d\ude0a\ud83d\ude4f\ud83c\udffc", "label": "POS", "score": 0.9639520049095154}
{"text": "thank you", "label": "POS", "score": 0.8770421147346497}
{"text": "Thank you for your congratulations", "label": "POS", "score": 0.9902031421661377}
{"text": "Thank you \ud83d\ude4f\ud83c\udffc", "label": "POS", "score": 0.9650481939315796}
{"text": "Thank you \ud83d\ude4f\ud83c\udffc", "label": "POS", "score": 0.9650481939315796}
{"text": "Thankyou Ketanji \ud83d\ude0a\ud83d\ude4f\ud83c\udffc", "label": "POS", "score": 0.7555454969406128}
{"text": "Thankyou Madhav", "label": "POS", "score": 0.7085667252540588}
{"text": "Thank you Radhika \ud83d\ude0a", "label": "POS", "score": 0.905452311038971}
{"text": "Thankyou for your lovely words & wishes \ud83d\ude4f\ud83c\udffc", "label": "POS", "score": 0.9914052486419678}
{"text": "Thank You so much for your wishes \ud83d\ude0a", "label": "POS", "score": 0.9886683821678162}
{"text": "Thank you \ud83d\ude4f\ud83c\udffc", "label": "POS", "score": 0.9650481939315796}
{"text": "Thank You for your wishes", "label": "POS", "score": 0.9824549555778503}
{"text": "Thank You for your wishes", "label": "POS", "score": 0.9824549555778503}
{"text": "Thank You for your wishes Ashok ji", "label": "POS", "score": 0.968837320804596}
{"text": "thank you naveen ji", "label": "POS", "score": 0.8380740880966187}
{"text": "Thank you \ud83d\ude4f\ud83c\udffc", "label": "POS", "score": 0.9650481939315796}
{"text": "Thankyou for your wishes  Arun", "label": "POS", "score": 0.9823811650276184}
{"text": "Thank You for your wishes", "label": "POS", "score": 0.9824549555778503}
{"text": "Thank You for your wishes", "label": "POS", "score": 0.9824549555778503}
{"text": "Thank You for your wishes", "label": "POS", "score": 0.9824549555778503}
{"text": "Thank you \ud83d\ude4f\ud83c\udffc", "label": "POS", "score": 0.9650481939315796}
{"text": "Thank you \ud83d\ude4f\ud83c\udffc", "label": "POS", "score": 0.9650481939315796}
{"text": "Many thanks \ud83d\ude4f\ud83c\udffc", "label": "POS", "score": 0.982923686504364}
{"text": "Many thanks \ud83d\ude4f\ud83c\udffc", "label": "POS", "score": 0.982923686504364}
{"text": "Thankyou Suzanne \ud83d\ude0a", "label": "POS", "score": 0.9333356618881226}
{"text": "Thank you \ud83d\ude4f\ud83c\udffc", "label": "POS", "score": 0.9650481939315796}
{"text": "Thank you \ud83d\ude4f\ud83c\udffc", "label": "POS", "score": 0.9650481939315796}
{"text": "Thank you Rajiv ji \ud83d\ude4f\ud83c\udffc", "label": "POS", "score": 0.9392313957214355}
{"text": "Thank You for your wishes", "label": "POS", "score": 0.9824549555778503}
{"text": "Thankyou Shweta", "label": "POS", "score": 0.747251033782959}
{"text": "Thank you \ud83d\ude4f\ud83c\udffc", "label": "POS", "score": 0.9650481939315796}
{"text": "Thankyou Rohan \ud83d\ude0a\ud83d\ude4f\ud83c\udffc", "label": "POS", "score": 0.8087562918663025}
{"text": "Thank you \ud83d\ude4f\ud83c\udffc", "label": "POS", "score": 0.9650481939315796}
{"text": "Thank you \ud83d\ude4f\ud83c\udffc", "label": "POS", "score": 0.9650481939315796}
{"text": "Thank You so much", "label": "POS", "score": 0.9877535700798035}
{"text": "Thankyou \ud83d\ude0a", "label": "POS", "score": 0.9613977670669556}
{"text": "Thankyou", "label": "POS", "score": 0.9534537196159363}
{"text": "Thankyou ji \ud83d\ude4f\ud83c\udffc", "label": "POS", "score": 0.9186903238296509}
{"text": "Thank you \ud83d\ude4f\ud83c\udffc", "label": "POS", "score": 0.9650481939315796}
{"text": "Thank you \ud83d\ude4f\ud83c\udffc", "label": "POS", "score": 0.9650481939315796}
{"text": "Thankyou \ud83d\ude0a", "label": "POS", "score": 0.9613977670669556}
{"text": "Thankyou Naveen \ud83d\ude0a", "label": "POS", "score": 0.8322528600692749}
{"text": "Thankyou \ud83d\ude4f\ud83c\udffc", "label": "POS", "score": 0.9620139002799988}
{"text": "Thank you Kanta ji", "label": "POS", "score": 0.9107848405838013}
{"text": "Thank you \ud83d\ude4f\ud83c\udffc", "label": "POS", "score": 0.9650481939315796}
{"text": "Thankyou \ud83d\ude4f\ud83c\udffc", "label": "POS", "score": 0.9620139002799988}
{"text": "Thankyou \ud83d\ude0a\ud83d\ude4f\ud83c\udffc", "label": "POS", "score": 0.9639520049095154}
{"text": "Thank you", "label": "POS", "score": 0.9525659084320068}
{"text": "Thank you \ud83d\ude4f\ud83c\udffc", "label": "POS", "score": 0.9650481939315796}
{"text": "Thank you \ud83d\ude4f\ud83c\udffc", "label": "POS", "score": 0.9650481939315796}
{"text": "thank you darshan ji", "label": "POS", "score": 0.8772022724151611}
{"text": "Thankyou Aditya", "label": "POS", "score": 0.8081915378570557}
{"text": "what's up thank you sir", "label": "POS", "score": 0.7267076969146729}
{"text": "Thankyou so much Mahrukh", "label": "POS", "score": 0.9735144972801208}
{"text": "Thank you \ud83d\ude4f\ud83c\udffc", "label": "POS", "score": 0.9650481939315796}
{"text": "Thankyou \ud83d\ude4f\ud83c\udffc", "label": "POS", "score": 0.9620139002799988}
{"text": "Thank you \ud83d\ude4f\ud83c\udffc", "label": "POS", "score": 0.9650481939315796}
{"text": "Thank you \ud83d\ude4f\ud83c\udffc", "label": "POS", "score": 0.9650481939315796}
{"text": "Thank You so much", "label": "POS", "score": 0.9877535700798035}
{"text": "Thank you \ud83d\ude4f\ud83c\udffc", "label": "POS", "score": 0.9650481939315796}
{"text": "Thank you \ud83d\ude4f\ud83c\udffc", "label": "POS", "score": 0.9650481939315796}
{"text": "Thankyou for your wishes and lovely words.", "label": "POS", "score": 0.9915823340415955}
{"text": "Thankyou ji\ud83d\ude0a", "label": "POS", "score": 0.8818458318710327}
{"text": "Thankyou Aditya ji \ud83d\ude4f\ud83c\udffc", "label": "POS", "score": 0.9018697738647461}
{"text": "Thank You for your wishes", "label": "POS", "score": 0.9824549555778503}
{"text": "Thank You for your wishes \ud83e\udd17", "label": "POS", "score": 0.9841013550758362}
{"text": "Thank you \ud83d\ude4f\ud83c\udffc", "label": "POS", "score": 0.9650481939315796}
{"text": "Thank you \ud83d\ude4f\ud83c\udffc", "label": "POS", "score": 0.9650481939315796}
{"text": "Thankyou \ud83d\ude0a", "label": "POS", "score": 0.9613977670669556}
{"text": "Thank you \ud83d\ude4f\ud83c\udffc", "label": "POS", "score": 0.9650481939315796}
{"text": "Thank you", "label": "POS", "score": 0.9525659084320068}
{"text": "Thank you \ud83d\ude0a", "label": "POS", "score": 0.9598780870437622}
{"text": "\ud83d\ude4f\ud83c\udffcthankyou", "label": "NEU", "score": 0.5312283635139465}
{"text": "thanks ji", "label": "POS", "score": 0.8854234218597412}
{"text": "Thank you \ud83d\ude4f\ud83c\udffc", "label": "POS", "score": 0.9650481939315796}
{"text": "Thank You Anandji \ud83d\ude0a\ud83d\ude4f\ud83c\udffc", "label": "POS", "score": 0.9181280136108398}
