{"text": "We have a new local maniac yelling obscenities in the park. Or maybe just a doom vocalist practicing The last guy who liked to sing Cars songs at my neighbor's car seems to have moved on", "label": "NEG", "score": 0.9629241228103638}
{"text": "I was a classically-trained vocalist who\u2014due to some issues with the local concert choir\u2014needed to move on. Because I'm a classically trained perfectionist, jazz has been quite a challenge. I've learned so much about accepting things as they come. Still SO MUCH to learn", "label": "NEU", "score": 0.6910872459411621}
{"text": "NowPlaying Mlindo The Vocalist, Vyno Miller - Mosadi (feat. Vyno Miller)  supportindiemusic  unsignedsinger indiemusicscene indiemusicblog hotnewmusic", "label": "NEU", "score": 0.9306902289390564}
{"text": "Now playing on Nam Radio Local: Lengoma by Mlindo The Vocalist  \ud83d\udd34 Tune in now. \ud83c\uddf3\ud83c\udde6  namradiolocal \ud83c\udfb6 musichead musicmakers instamusiciansdaily musicradio musicartists radiostations  \u266c\u2669\u266a", "label": "NEU", "score": 0.9639191031455994}
{"text": "YO. how do I find local bands to join as a vocalist??? Anyone know of a good way or tool to do that??? music bands", "label": "NEU", "score": 0.7372234463691711}
{"text": "the way they're threatened by Whitney even though she's dead \ud83d\udc80\ud83d\udc80\ud83d\udc80\ud83d\udc80 the greatest vocalist stays on their mind even when not alive", "label": "NEG", "score": 0.8053878545761108}
{"text": "You're going to love what Chef Dom & his incredible team are bringing to the table Plus don't miss Doug Jennings, local-favorite vocalist and musician every Friday night in December.OPEN TO THE PUBLIC Wed - Sat | Lunch 12-3pm | Dinner from 4pmSun | Brunch 10am-2pm", "label": "POS", "score": 0.9842826724052429}
{"text": "A bit of the background is that vocalist Olav Stedje is a local hero who comes out of retirement to assist. Sogndal is known as the number 1 juice and berry town in Norway. Therefore, magical juice and energizing jam in the video...", "label": "POS", "score": 0.9566879272460938}
{"text": "Now playing on Nam Radio Local: Mosadi (feat. Vyno Miller) by Mlindo The Vocalist, Vyno Miller  \ud83d\udd34 Tune in now. \ud83c\uddf3\ud83c\udde6  namradiolocal \ud83c\udfb6 musichead musicmakers instamusiciansdaily musicradio musicartists radiostations  \u266c\u2669\u266a", "label": "NEU", "score": 0.9665198922157288}
{"text": "LAST WEEK 2 VOTE\u203c\ufe0f Go to  and CLICK on the 1st 3 links to VOTE \ud83e\udd18\ud83c\udffb\ud83c\udfb6\ud83c\udf99\ud83c\udfa7BEST LOCAL HOST - HARLEY ROXXBEST LOCAL VOCALIST - RODD SIXBEST LOCAL TRIBUTE/COVER BAND - KIDD SIXLET\u2019S GET IT \ud83e\udd18\ud83c\udffb\ud83e\udd18\ud83c\udffb\ud83e\udd18\ud83c\udffb", "label": "POS", "score": 0.6063423156738281}
{"text": "funny enough kat's the vocalist in the au ive been working on,,,,,,, the drummer's rell :V", "label": "POS", "score": 0.7607971429824829}
{"text": "Now playing on Nam Radio Local: Emakhaya by Mlindo The Vocalist  \ud83d\udd34 Tune in now. \ud83c\uddf3\ud83c\udde6  namradiolocal \ud83c\udfb6 musichead musicmakers instamusiciansdaily musicradio musicartists radiostations  \u266c\u2669\u266a", "label": "NEU", "score": 0.9650861620903015}
{"text": "Now playing on Nam Radio Local: Usukulude by Mlindo The Vocalist  \ud83d\udd34 Tune in now. \ud83c\uddf3\ud83c\udde6  namradiolocal \ud83c\udfb6 musichead musicmakers instamusiciansdaily musicradio musicartists radiostations  \u266c\u2669\u266a", "label": "NEU", "score": 0.9641833305358887}
{"text": "Ryan has been an active musician in the local Ontario metal scene for the last 8-9 years. He is currently the vocalist of his band, Please... Stand By, where he is also the lyricist and manager, amongst other things.", "label": "NEU", "score": 0.8517021536827087}
{"text": "all i want to do is be a terrible vocalist in a local band, who cares if i'm awful i just want to have fun", "label": "NEG", "score": 0.6168409585952759}
{"text": "Now playing on Nam Radio Local: Usbahle by Mlindo The Vocalist  \ud83d\udd34 Tune in now. \ud83c\uddf3\ud83c\udde6  namradiolocal \ud83c\udfb6 musichead musicmakers instamusiciansdaily musicradio musicartists radiostations  \u266c\u2669\u266a", "label": "NEU", "score": 0.9641273617744446}
{"text": "Now playing on Nam Radio Local: Nge Thanda Wena (feat. Sha Sha) by Mlindo The Vocalist, Sha Sha  \ud83d\udd34 Tune in now. \ud83c\uddf3\ud83c\udde6  namradiolocal \ud83c\udfb6 musichead musicmakers instamusiciansdaily musicradio musicartists radiostations  \u266c\u2669\u266a", "label": "NEU", "score": 0.9690856337547302}
{"text": "Now playing on Nam Radio Local: Lay'ndlini by Mlindo The Vocalist  \ud83d\udd34 Tune in now. \ud83c\uddf3\ud83c\udde6  namradiolocal \ud83c\udfb6 musichead musicmakers instamusiciansdaily musicradio musicartists radiostations  \u266c\u2669\u266a", "label": "NEU", "score": 0.968306303024292}
{"text": "The local tea rooms I sing at all the time serve these and they are life", "label": "POS", "score": 0.9467988014221191}
{"text": "So, given that Farage only likes local people, could it be localist on a vocalist?", "label": "NEU", "score": 0.9314353466033936}
{"text": "Now playing on Nam Radio Local: Egoli (feat. Sjava) by Mlindo The Vocalist, Sjava  \ud83d\udd34 Tune in now. \ud83c\uddf3\ud83c\udde6  namradiolocal \ud83c\udfb6 musichead musicmakers instamusiciansdaily musicradio musicartists radiostations  \u266c\u2669\u266a", "label": "NEU", "score": 0.9669640064239502}
{"text": "Spending a fucking shit tonne of money at the local record shops \ud83e\udd23Digitally, I had CDs to rip from, but lime wire was a god send back in the day", "label": "NEU", "score": 0.5425585508346558}
{"text": "Sometimes you need a little nostalgia in the morning. A local band where I grew up. My boss at HT was a vocalist. She was amazing. Got to see them in a very tiny venue. Def check out Can\u2019t Be Wrong.", "label": "POS", "score": 0.9830832481384277}
{"text": "Main vocalist Main visual Ppop boy group pop icon/idol for boy group Song of the year for local music -Wyat That's it? I will review my videos again but that's how far I remember \ud83d\ude0a", "label": "NEU", "score": 0.9463135600090027}
{"text": "re: ppop idol vocalsnot to brag or anything, but really good singers are not uncommon at all in the philippines. being good at singing is in our genes. in my own personal/local friend network, i know at least a dozen people who can sing at an idol main vocalist level.", "label": "POS", "score": 0.5194514393806458}
{"text": "Now playing on Nam Radio Local: Macala (Radio Version) (feat. Sfeesoh, Kwesta & Thabsie) by Mlindo The Vocalist, Sfeesoh, Kwesta, Thabsie  \ud83d\udd34 Tune in now. \ud83c\uddf3\ud83c\udde6  namradiolocal \ud83c\udfb6 musichead musicmakers instamusiciansdaily musicradio musicartists radiostations  \u266c\u2669\u266a", "label": "NEU", "score": 0.9706313610076904}
{"text": "Latest release of Raman Negi, ex kead vocalist of Local Train.", "label": "NEU", "score": 0.9725428223609924}
{"text": "Now playing on Nam Radio Local: Egoli (feat. Sjava) by Mlindo The Vocalist, Sjava  \ud83d\udd34 Tune in now. \ud83c\uddf3\ud83c\udde6  namradiolocal \ud83c\udfb6 musichead musicmakers instamusiciansdaily musicradio musicartists radiostations  \u266c\u2669\u266a", "label": "NEU", "score": 0.9669640064239502}
{"text": "Now playing on Nam Radio Local: Macala (Radio Version) (feat. Sfeesoh, Kwesta & Thabsie) by Mlindo The Vocalist, Sfeesoh, Kwesta, Thabsie  \ud83d\udd34 Tune in now. \ud83c\uddf3\ud83c\udde6  namradiolocal \ud83c\udfb6 musichead musicmakers instamusiciansdaily musicradio musicartists radiostations  \u266c\u2669\u266a", "label": "NEU", "score": 0.9706313610076904}
{"text": "Hi,reader we need help with Donations we will be having a charity event on the 24th of December. We have 110 needy learners from local schools....Our aim is to give them Food parcels and Christmas clothes.You can donate with Money foodNew clothes.\u2665\ufe0f", "label": "POS", "score": 0.6756445169448853}
{"text": "You have two opportunities on Sunday to see 's Holiday Pops concert: 3 & 7 pmThis year's concert features The Voice winner Josh Kaufman, local vocalist Leah Crane (of Pavel & Direct Contact), dance troupe NZtapz, and .Tickets:", "label": "NEU", "score": 0.7289592623710632}
{"text": "My local station has been playing the top 500 songs of the 1980s for Thanksgiving weekend and while I\u2019m not really impressed with The Escape Club, Heart\u2019s Alone came on and I really don\u2019t think there has ever been a better vocalist than", "label": "NEG", "score": 0.9145017862319946}
{"text": "Beware of your local Black Metal vocalist....", "label": "NEG", "score": 0.8255316615104675}
{"text": "ariana is a top 30 vocalists of all time n top 2hitmakers of all time.bey is the best vocalist between the ones who still sing and a top 10 best artist of all time, nicki a top3 best rapper of all time\u2026 taylor is a\u2026 desperate local 1 hit wonder seller?", "label": "POS", "score": 0.8808233737945557}
{"text": "Now playing on Nam Radio Local: Macala (feat. Sfeesoh, Kwesta & Thabsie) by Mlindo The Vocalist, Sfeesoh, Kwesta, Thabsie  \ud83d\udd34 Tune in now. \ud83c\uddf3\ud83c\udde6  namradiolocal \ud83c\udfb6 musichead musicmakers instamusiciansdaily musicradio musicartists radiostations  \u266c\u2669\u266a", "label": "NEU", "score": 0.9706400632858276}
{"text": "Now playing on Nam Radio Local: Cold Summer (feat. Vyno Miller) by Mlindo The Vocalist, Vyno Miller  \ud83d\udd34 Tune in now. \ud83c\uddf3\ud83c\udde6  namradiolocal \ud83c\udfb6 musichead musicmakers instamusiciansdaily musicradio musicartists radiostations  \u266c\u2669\u266a", "label": "NEU", "score": 0.9639939665794373}
{"text": "Now playing on Nam Radio Local: Imoto by Mlindo The Vocalist \ud83d\udd34 Tune in now. \ud83c\uddf3\ud83c\udde6 namradiolocal \ud83c\udfb6 musichead musicmakers instamusiciansdaily music radio music artists radio stations \u266c\u2669\u266a", "label": "NEU", "score": 0.9660181403160095}
{"text": "Local country music artist Landon Heights was recently named the traditional country vocalist of the year at the eighth annual Josie Music Awards in Nashville.", "label": "NEU", "score": 0.7832384705543518}
{"text": "Not my honor\u2014all credit to pianist, arranger, bandleader , vocalist , and some very talented local folk for doing justice to Bacharach and David.", "label": "POS", "score": 0.5491077899932861}
{"text": "Someone put her as the vocalist of a local metalcore band OPLive", "label": "NEU", "score": 0.9712125062942505}
{"text": "Now playing on Nam Radio Local: Yekela (feat. Masiano & Vusi Nova) by Mlindo The Vocalist, Masiano, Vusi Nova  \ud83d\udd34 Tune in now. \ud83c\uddf3\ud83c\udde6  namradiolocal \ud83c\udfb6 musichead musicmakers instamusiciansdaily musicradio musicartists radiostations  \u266c\u2669\u266a", "label": "NEU", "score": 0.9687886238098145}
{"text": "Local vocalist Jared Hennings always attracts a full house Don't miss this excellent program highlighting Jared's beautiful musical range. Kick off the season with an evening of traditional and contemporary holiday music altonillinois holiday holidaymusic library", "label": "POS", "score": 0.9864474534988403}
{"text": "Now playing on Nam Radio Local: Macala (Radio Version) (feat. Sfeesoh, Kwesta & Thabsie) by Mlindo The Vocalist, Sfeesoh, Kwesta, Thabsie  \ud83d\udd34 Tune in now. \ud83c\uddf3\ud83c\udde6  namradiolocal \ud83c\udfb6 musichead musicmakers instamusiciansdaily musicradio musicartists radiostations  \u266c\u2669\u266a", "label": "NEU", "score": 0.9706313610076904}
{"text": "It\u2019s still so awesome that the vocalist from a female fronted local core band from Long Island was invited to perform Slaughterhouse with MIW at Madison Square Fucking Garden", "label": "POS", "score": 0.9849750399589539}
{"text": "Side Quests\u2705  Join Coldplay as Their Baby Vocalist\u2705 Appear at Televised Tennis Match\u2705 Attend Movie Premiers (2/2)\u2705 Offer Pro Bono Consulting Services for  Maplestory\u2705 Appear on Variety Shows (3/3)\u2705 Model for Jin Ramen\u2705 Special Guest Judge Local Alcohol Competition", "label": "NEU", "score": 0.7541728019714355}
{"text": "Now playing on Nam Radio Local: Usbahle by Mlindo The Vocalist  \ud83d\udd34 Tune in now. \ud83c\uddf3\ud83c\udde6  namradiolocal \ud83c\udfb6 musichead musicmakers instamusiciansdaily musicradio musicartists radiostations  \u266c\u2669\u266a", "label": "NEU", "score": 0.9641273617744446}
{"text": "Now playing on Nam Radio Local: AmaBlesser (Remix) (feat. Rayvanny) by Mlindo The Vocalist, Rayvanny  \ud83d\udd34 Tune in now. \ud83c\uddf3\ud83c\udde6  namradiolocal \ud83c\udfb6 musichead musicmakers instamusiciansdaily musicradio musicartists radiostations  \u266c\u2669\u266a", "label": "NEU", "score": 0.9642795324325562}
{"text": "Now playing on Nam Radio Local: Nge Thanda Wena (feat. Sha Sha) by Mlindo The Vocalist, Sha Sha  \ud83d\udd34 Tune in now. \ud83c\uddf3\ud83c\udde6  namradiolocal \ud83c\udfb6 musichead musicmakers instamusiciansdaily musicradio musicartists radiostations  \u266c\u2669\u266a", "label": "NEU", "score": 0.9690856337547302}
{"text": "Live Music Tonight: 11/25 7:30-9:30pm. Robert Meade is a local singer/songwriter, solo acoustic guitarist & vocalist who's been living and performing throughout the Northwest area for over a decade. Upbeat Rhythm 'n' Blues & Americana originals.", "label": "NEU", "score": 0.9376652836799622}
{"text": "Every local band\u2019s vocalist leaving their bands to make projects that sound like this", "label": "NEU", "score": 0.9524586200714111}
{"text": "BTS is vocalist that people actually love to listen their voice without realizing it them. Song like Cocacola ads, Dreamers. Local still don't know the one who sing is from BTS and song already impact just because the voice itself.", "label": "POS", "score": 0.6174706220626831}
{"text": "So you drove 4 hours to be inside bend bend sounds like it has a lot of local indie bands with 2 male guitarists 1 male drummer / song writer and 1 female Lead vocalist", "label": "NEG", "score": 0.5640751123428345}
{"text": "Now playing on Nam Radio Local: Mosadi (feat. Vyno Miller) by Mlindo The Vocalist, Vyno Miller  \ud83d\udd34 Tune in now. \ud83c\uddf3\ud83c\udde6  namradiolocal \ud83c\udfb6 musichead musicmakers instamusiciansdaily musicradio musicartists radiostations  \u266c\u2669\u266a", "label": "NEU", "score": 0.9665198922157288}
{"text": "Now playing on Nam Radio Local: Wamuhle (feat. Shwi Nomtekhala) by Mlindo The Vocalist, Shwi No Mtekhala \ud83d\udd34 Tune in now. \ud83c\uddf3\ud83c\udde6 namradiolocal \ud83c\udfb6 musichead musicmakers instamusiciansdaily musicradio musicartists radiostations \u266c\u2669\u266a", "label": "NEU", "score": 0.9710744023323059}
{"text": "Now playing on Nam Radio Local: Nge Thanda Wena (feat. Sha Sha) by Mlindo The Vocalist, Sha Sha  \ud83d\udd34 Tune in now. \ud83c\uddf3\ud83c\udde6  namradiolocal \ud83c\udfb6 musichead musicmakers instamusiciansdaily musicradio musicartists radiostations  \u266c\u2669\u266a", "label": "NEU", "score": 0.9690856337547302}
{"text": "I can list some groups who actually deserve like twice but \ud83d\ude02 bp can't compete with anyone i don't know who give them titile mammaoo who have great great music rapper can rap vocalist  are the one who praised by fans even local than there song actually empowering stage presence", "label": "NEU", "score": 0.6400841474533081}
{"text": "Now playing on Nam Radio Local: Ancestors by Mlindo The Vocalist  \ud83d\udd34 Tune in now. \ud83c\uddf3\ud83c\udde6  namradiolocal \ud83c\udfb6 musichead musicmakers instamusiciansdaily musicradio musicartists radiostations  \u266c\u2669\u266a", "label": "NEU", "score": 0.9630147814750671}
{"text": "I'm working on a sick album with lots of dubstep tracks with a generally Dutch cultural theme. I've already put out a song with a local punk vocalist. I hope to someday make a difference in my country", "label": "POS", "score": 0.9519556164741516}
{"text": "Now playing on Nam Radio Local: AmaBlesser (feat. DJ Maphorisa) by Mlindo The Vocalist, DJ Maphorisa  \ud83d\udd34 Tune in now. \ud83c\uddf3\ud83c\udde6  namradiolocal \ud83c\udfb6 musichead musicmakers instamusiciansdaily musicradio musicartists radiostations  \u266c\u2669\u266a", "label": "NEU", "score": 0.95509934425354}
{"text": "Now playing on Nam Radio Local: Imoto by Mlindo The Vocalist \ud83d\udd34 Tune in now. \ud83c\uddf3\ud83c\udde6 namradiolocal \ud83c\udfb6 musichead musicmakers instamusiciansdaily music radio music artists radio stations \u266c\u2669\u266a", "label": "NEU", "score": 0.9660181403160095}
{"text": "I am an old buzzard who used to be a vocalist in a few local bands.  This young lady gave me goosebumps.  She hit the notes perfectly.", "label": "POS", "score": 0.9476302862167358}
{"text": "Now playing on Nam Radio Local: Usbahle by Mlindo The Vocalist  \ud83d\udd34 Tune in now. \ud83c\uddf3\ud83c\udde6  namradiolocal \ud83c\udfb6 musichead musicmakers instamusiciansdaily musicradio musicartists radiostations  \u266c\u2669\u266a", "label": "NEU", "score": 0.9641273617744446}
{"text": "Vocalist looked to bandmate. Looked back. Apparently he was largely exposed at that point. Starts muttering \"Fuck off\" repeatedly. He didn't move until local guy pushed at his side, I got a hand on him from behind, & my crew buddy helped. 4/", "label": "NEG", "score": 0.9382374882698059}
{"text": "Now playing on Nam Radio Local: Macala (feat. Sfeesoh, Kwesta & Thabsie) by Mlindo The Vocalist, Sfeesoh, Kwesta, Thabsie  \ud83d\udd34 Tune in now. \ud83c\uddf3\ud83c\udde6  namradiolocal \ud83c\udfb6 musichead musicmakers instamusiciansdaily musicradio musicartists radiostations  \u266c\u2669\u266a", "label": "NEU", "score": 0.9706400632858276}
{"text": "Now playing on Nam Radio Local: Lay'ndlini by Mlindo The Vocalist  \ud83d\udd34 Tune in now. \ud83c\uddf3\ud83c\udde6  namradiolocal \ud83c\udfb6 musichead musicmakers instamusiciansdaily musicradio musicartists radiostations  \u266c\u2669\u266a", "label": "NEU", "score": 0.968306303024292}
{"text": "FIFA never about bg it\u2019s collabs with some individual artists,they already got their local rep they just need other intl singer to help bring more hype,it shouldnt be any surprised that they choose the main vocalist with high history of engagements from popular band as their pick", "label": "NEU", "score": 0.8424386382102966}
{"text": "Now playing on Nam Radio Local: Macala (feat. Sfeesoh, Kwesta & Thabsie) by Mlindo The Vocalist, Sfeesoh, Kwesta, Thabsie  \ud83d\udd34 Tune in now. \ud83c\uddf3\ud83c\udde6  namradiolocal \ud83c\udfb6 musichead musicmakers instamusiciansdaily musicradio musicartists radiostations  \u266c\u2669\u266a", "label": "NEU", "score": 0.9706400632858276}
{"text": "Now playing on Nam Radio Local: Macala (Radio Version) (feat. Sfeesoh, Kwesta & Thabsie) by Mlindo The Vocalist, Sfeesoh, Kwesta, Thabsie  \ud83d\udd34 Tune in now. \ud83c\uddf3\ud83c\udde6  namradiolocal \ud83c\udfb6 musichead musicmakers instamusiciansdaily musicradio musicartists radiostations  \u266c\u2669\u266a", "label": "NEU", "score": 0.9706313610076904}
{"text": "Local vocalist Jared Hennings always attracts a full house Don't miss this excellent program highlighting Jared's beautiful musical range. Kick off the season with an evening of traditional and contemporary holiday music altonillinois holiday holidaymusic library", "label": "POS", "score": 0.9864474534988403}
{"text": "We have 110 needy learners from our local schools,Help us to get them decent clothing and food parcels for Christmas day \u2665\ufe0f.R10 can make a big difference. Give so that it shall be given back to you,and the rewards are endless \u2665\ufe0f", "label": "POS", "score": 0.9341399073600769}
{"text": "Now playing on Nam Radio Local: Egoli (feat. Sjava) by Mlindo The Vocalist, Sjava  \ud83d\udd34 Tune in now. \ud83c\uddf3\ud83c\udde6  namradiolocal \ud83c\udfb6 musichead musicmakers instamusiciansdaily musicradio musicartists radiostations  \u266c\u2669\u266a", "label": "NEU", "score": 0.9669640064239502}
{"text": "Yesterday, I really enjoyed seeing local Muji if I added Kpopies, there would be lots of people who would like to perform if I continued Muji too. I like k-popies talking about vocals at the beginning which are a bit shaken then afterward praise his vocals which are smooth, stable even while dancing, don't crack, admit that JK is the best vocalist, Awikwok", "label": "POS", "score": 0.9842774868011475}
{"text": "pavarotti vibes this local vocalist vro has", "label": "NEU", "score": 0.9668349623680115}
{"text": "In the evening there was a sold-out Candlelight Concert with featuring amazing local vocalist Leigh Rhianon Coggins, who sang beneath Mars. A wonderful night", "label": "POS", "score": 0.9854414463043213}
{"text": "Now playing on Nam Radio Local: Usbahle by Mlindo The Vocalist  \ud83d\udd34 Tune in now. \ud83c\uddf3\ud83c\udde6  namradiolocal \ud83c\udfb6 musichead musicmakers instamusiciansdaily musicradio musicartists radiostations  \u266c\u2669\u266a", "label": "NEU", "score": 0.9641273617744446}
{"text": "Now playing on Nam Radio Local: Wamuhle (feat. Shwi Nomtekhala) by Mlindo The Vocalist, Shwi No Mtekhala \ud83d\udd34 Tune in now. \ud83c\uddf3\ud83c\udde6 namradiolocal \ud83c\udfb6 musichead musicmakers instamusiciansdaily musicradio musicartists radiostations \u266c\u2669\u266a", "label": "NEU", "score": 0.9710744023323059}
{"text": "Now playing on Nam Radio Local: Macala (feat. Sfeesoh, Kwesta & Thabsie) by Mlindo The Vocalist, Sfeesoh, Kwesta, Thabsie  \ud83d\udd34 Tune in now. \ud83c\uddf3\ud83c\udde6  namradiolocal \ud83c\udfb6 musichead musicmakers instamusiciansdaily musicradio musicartists radiostations  \u266c\u2669\u266a", "label": "NEU", "score": 0.9706400632858276}
{"text": "Now playing on Nam Radio Local: Cold Summer (feat. Vyno Miller) by Mlindo The Vocalist, Vyno Miller  \ud83d\udd34 Tune in now. \ud83c\uddf3\ud83c\udde6  namradiolocal \ud83c\udfb6 musichead musicmakers instamusiciansdaily musicradio musicartists radiostations  \u266c\u2669\u266a", "label": "NEU", "score": 0.9639939665794373}
{"text": "Now playing on Nam Radio Local: Wamuhle (feat. Shwi Nomtekhala) by Mlindo The Vocalist, Shwi No Mtekhala \ud83d\udd34 Tune in now. \ud83c\uddf3\ud83c\udde6 namradiolocal \ud83c\udfb6 musichead musicmakers instamusiciansdaily musicradio musicartists radiostations \u266c\u2669\u266a", "label": "NEU", "score": 0.9710744023323059}
{"text": "Now playing on Nam Radio Local: Egoli (feat. Sjava) by Mlindo The Vocalist, Sjava  \ud83d\udd34 Tune in now. \ud83c\uddf3\ud83c\udde6  namradiolocal \ud83c\udfb6 musichead musicmakers instamusiciansdaily musicradio musicartists radiostations  \u266c\u2669\u266a", "label": "NEU", "score": 0.9669640064239502}
{"text": "Now playing on Nam Radio Local: Lay'ndlini by Mlindo The Vocalist  \ud83d\udd34 Tune in now. \ud83c\uddf3\ud83c\udde6  namradiolocal \ud83c\udfb6 musichead musicmakers instamusiciansdaily musicradio musicartists radiostations  \u266c\u2669\u266a", "label": "NEU", "score": 0.968306303024292}
{"text": "Now playing on Nam Radio Local: AmaBlesser (feat. DJ Maphorisa) by Mlindo The Vocalist, DJ Maphorisa  \ud83d\udd34 Tune in now. \ud83c\uddf3\ud83c\udde6  namradiolocal \ud83c\udfb6 musichead musicmakers instamusiciansdaily musicradio musicartists radiostations  \u266c\u2669\u266a", "label": "NEU", "score": 0.95509934425354}
{"text": "The SJO presents: Swing, Comfort & Joy feat. \ud83c\udfb5\ud83d\udc96  Dec 10th, 7:30 \u2744\ufe0f Join the SJO and SYJO in our swinging annual holiday December concert featuring local favourite musicians and our very special guest vocalist", "label": "POS", "score": 0.8645178079605103}
{"text": "Also a big shout out to Cardiff local Tim for his improv shouting on Choke and being guest vocalist 41", "label": "POS", "score": 0.9345786571502686}
{"text": "Support some local hardcore. My buddy Scott is the vocalist and he absolutely kills it", "label": "POS", "score": 0.9911497831344604}
{"text": "Now playing on Nam Radio Local: AmaBlesser (Remix) (feat. Rayvanny) by Mlindo The Vocalist, Rayvanny  \ud83d\udd34 Tune in now. \ud83c\uddf3\ud83c\udde6  namradiolocal \ud83c\udfb6 musichead musicmakers instamusiciansdaily musicradio musicartists radiostations  \u266c\u2669\u266a", "label": "NEU", "score": 0.9642795324325562}
{"text": "hardcore vocalist at the local show was like \"WHO WANTS THE MIC\" and so some kid took the mic and when the vocalist took it back he was like \"DON'T TAKE THE MIC IF YOU DONT KNOW THE FUCKING LYRICS FUCK ALL Y'ALL\" hmm i think maybe chill pal", "label": "NEG", "score": 0.9653468132019043}
{"text": "Now playing on Nam Radio Local: Macala (feat. Sfeesoh, Kwesta & Thabsie) by Mlindo The Vocalist, Sfeesoh, Kwesta, Thabsie  \ud83d\udd34 Tune in now. \ud83c\uddf3\ud83c\udde6  namradiolocal \ud83c\udfb6 musichead musicmakers instamusiciansdaily musicradio musicartists radiostations  \u266c\u2669\u266a", "label": "NEU", "score": 0.9706400632858276}
{"text": "Now playing on Nam Radio Local: Usukulude by Mlindo The Vocalist  \ud83d\udd34 Tune in now. \ud83c\uddf3\ud83c\udde6  namradiolocal \ud83c\udfb6 musichead musicmakers instamusiciansdaily musicradio musicartists radiostations  \u266c\u2669\u266a", "label": "NEU", "score": 0.9641833305358887}
{"text": "yvette West Sussex UK (Lead Vocalist,Backing Vocalist) seeks Acoustic Guitarist,Bass Guitarist,Percussionist. Hi, I looking to have some music fun with local musicians. I have written my own songs and sung in bands before   findamusician", "label": "POS", "score": 0.9334933161735535}
{"text": "Dafox Florida USA (Rhythm Guitarist) seeks Lead Vocalist,Keyboard Player. Local florida band with up coming gigs looking for a latin lead singer and a keyboard piano player we play all type of musica reggae, soca salsa meregenue bachata zouk  findamusician", "label": "NEU", "score": 0.9338530898094177}
{"text": "Now playing on Nam Radio Local: AmaBlesser (feat. DJ Maphorisa) by Mlindo The Vocalist, DJ Maphorisa  \ud83d\udd34 Tune in now. \ud83c\uddf3\ud83c\udde6  namradiolocal \ud83c\udfb6 musichead musicmakers instamusiciansdaily musicradio musicartists radiostations  \u266c\u2669\u266a", "label": "NEU", "score": 0.95509934425354}
{"text": "Northern Beaches based music producer, Finn Twist has collaborated with 10 local boy vocalist \u00a0known as, Sydney Boys\u2019 Choir to record his latest Christmas song My Hometown. Find out more here.", "label": "NEU", "score": 0.9021376371383667}
{"text": "Now playing on Nam Radio Local: Usukulude by Mlindo The Vocalist  \ud83d\udd34 Tune in now. \ud83c\uddf3\ud83c\udde6  namradiolocal \ud83c\udfb6 musichead musicmakers instamusiciansdaily musicradio musicartists radiostations  \u266c\u2669\u266a", "label": "NEU", "score": 0.9641833305358887}
{"text": "Don\u2019t miss local-favorite, vocalist and musician Doug Jennings at The Taproom again tomorrow night, playing some of the top hits To make a reservation, please call 609-236-4400.\u00a0AtlanticCityCountryClub ACTaproom AtlanticCity LiveMusic", "label": "POS", "score": 0.881987988948822}
{"text": "beomgyus voice is so local famous band vocalist type idk hes like the guy who is known in the whole town bcs hes in a band and he looks good and hes extra nice and smart too and everyone likes him", "label": "POS", "score": 0.986354410648346}
{"text": "Now playing on Nam Radio Local: Nge Thanda Wena (feat. Sha Sha) by Mlindo The Vocalist, Sha Sha  \ud83d\udd34 Tune in now. \ud83c\uddf3\ud83c\udde6  namradiolocal \ud83c\udfb6 musichead musicmakers instamusiciansdaily musicradio musicartists radiostations  \u266c\u2669\u266a", "label": "NEU", "score": 0.9690856337547302}
{"text": "\u201cWe had been looking at trying to find somewhere local to have our release party that was more out of the norm than a standard show,\u201d Jake Henry, lead vocalist for Divebomb and owner of Henry Screen Printing, said. He turns 33 later this month.", "label": "NEU", "score": 0.9424503445625305}
{"text": "Now playing on Nam Radio Local: Cold Summer (feat. Vyno Miller) by Mlindo The Vocalist, Vyno Miller  \ud83d\udd34 Tune in now. \ud83c\uddf3\ud83c\udde6  namradiolocal \ud83c\udfb6 musichead musicmakers instamusiciansdaily musicradio musicartists radiostations  \u266c\u2669\u266a", "label": "NEU", "score": 0.9639939665794373}
{"text": "I've joined a local rock band as a vocalist I expected to be just backing but excitingly I'm being encouraged to take the lead on some songs. Rehearsals began yesterday. Big challenges", "label": "POS", "score": 0.9007429480552673}
{"text": "Now playing on Nam Radio Local: Macala (feat. Sfeesoh, Kwesta & Thabsie) by Mlindo The Vocalist, Sfeesoh, Kwesta, Thabsie  \ud83d\udd34 Tune in now. \ud83c\uddf3\ud83c\udde6  namradiolocal \ud83c\udfb6 musichead musicmakers instamusiciansdaily musicradio musicartists radiostations  \u266c\u2669\u266a", "label": "NEU", "score": 0.9706400632858276}
{"text": "Now playing on Nam Radio Local: Ancestors by Mlindo The Vocalist  \ud83d\udd34 Tune in now. \ud83c\uddf3\ud83c\udde6  namradiolocal \ud83c\udfb6 musichead musicmakers instamusiciansdaily musicradio musicartists radiostations  \u266c\u2669\u266a", "label": "NEU", "score": 0.9630147814750671}
{"text": "Now playing on Nam Radio Local: Lay'ndlini by Mlindo The Vocalist  \ud83d\udd34 Tune in now. \ud83c\uddf3\ud83c\udde6  namradiolocal \ud83c\udfb6 musichead musicmakers instamusiciansdaily musicradio musicartists radiostations  \u266c\u2669\u266a", "label": "NEU", "score": 0.968306303024292}
{"text": "Now playing on Nam Radio Local: Usbahle by Mlindo The Vocalist  \ud83d\udd34 Tune in now. \ud83c\uddf3\ud83c\udde6  namradiolocal \ud83c\udfb6 musichead musicmakers instamusiciansdaily musicradio musicartists radiostations  \u266c\u2669\u266a", "label": "NEU", "score": 0.9641273617744446}
{"text": "Now playing on Nam Radio Local: Emakhaya by Mlindo The Vocalist  \ud83d\udd34 Tune in now. \ud83c\uddf3\ud83c\udde6  namradiolocal \ud83c\udfb6 musichead musicmakers instamusiciansdaily musicradio musicartists radiostations  \u266c\u2669\u266a", "label": "NEU", "score": 0.9650861620903015}
{"text": "Now playing on Nam Radio Local: Ancestors by Mlindo The Vocalist  \ud83d\udd34 Tune in now. \ud83c\uddf3\ud83c\udde6  namradiolocal \ud83c\udfb6 musichead musicmakers instamusiciansdaily musicradio musicartists radiostations  \u266c\u2669\u266a", "label": "NEU", "score": 0.9630147814750671}
{"text": "Now playing on Nam Radio Local: Macala (Radio Version) (feat. Sfeesoh, Kwesta & Thabsie) by Mlindo The Vocalist, Sfeesoh, Kwesta, Thabsie  \ud83d\udd34 Tune in now. \ud83c\uddf3\ud83c\udde6  namradiolocal \ud83c\udfb6 musichead musicmakers instamusiciansdaily musicradio musicartists radiostations  \u266c\u2669\u266a", "label": "NEU", "score": 0.9706313610076904}
{"text": "Now playing on Nam Radio Local: Yekela (feat. Masiano & Vusi Nova) by Mlindo The Vocalist, Masiano, Vusi Nova  \ud83d\udd34 Tune in now. \ud83c\uddf3\ud83c\udde6  namradiolocal \ud83c\udfb6 musichead musicmakers instamusiciansdaily musicradio musicartists radiostations  \u266c\u2669\u266a", "label": "NEU", "score": 0.9687886238098145}
{"text": "Now playing on Nam Radio Local: Usukulude by Mlindo The Vocalist  \ud83d\udd34 Tune in now. \ud83c\uddf3\ud83c\udde6  namradiolocal \ud83c\udfb6 musichead musicmakers instamusiciansdaily musicradio musicartists radiostations  \u266c\u2669\u266a", "label": "NEU", "score": 0.9641833305358887}
{"text": "Now playing on Nam Radio Local: Usbahle by Mlindo The Vocalist  \ud83d\udd34 Tune in now. \ud83c\uddf3\ud83c\udde6  namradiolocal \ud83c\udfb6 musichead musicmakers instamusiciansdaily musicradio musicartists radiostations  \u266c\u2669\u266a", "label": "NEU", "score": 0.9641273617744446}
{"text": "JMI helps organise OVER A HUNDRED gig opportunities for our students every year. \ud83d\ude2e One of our local stomping grounds is Bosc Bar in West End where our students perform weekly.THIS Wednesday, catch vocalist, Lily Daoud and her band from 6-8PM \ud83c\udf3c", "label": "POS", "score": 0.7254138588905334}
{"text": "Now playing on Nam Radio Local: Imoto by Mlindo The Vocalist \ud83d\udd34 Tune in now. \ud83c\uddf3\ud83c\udde6 namradiolocal \ud83c\udfb6 musichead musicmakers instamusiciansdaily music radio music artists radio stations \u266c\u2669\u266a", "label": "NEU", "score": 0.9660181403160095}
{"text": "I really love local comedy nights. We are lucky enough to have quite a few locally, especially ahead of Edinburgh. Same with local musicians. I\u2019m an biased though as my son performs as a vocalist/guitarist locally so I appreciate what a slog it is.", "label": "POS", "score": 0.9889664053916931}
{"text": "Now playing on Nam Radio Local: Usbahle by Mlindo The Vocalist  \ud83d\udd34 Tune in now. \ud83c\uddf3\ud83c\udde6  namradiolocal \ud83c\udfb6 musichead musicmakers instamusiciansdaily musicradio musicartists radiostations  \u266c\u2669\u266a", "label": "NEU", "score": 0.9641273617744446}
{"text": "Now playing on Nam Radio Local: Yekela (feat. Masiano & Vusi Nova) by Mlindo The Vocalist, Masiano, Vusi Nova  \ud83d\udd34 Tune in now. \ud83c\uddf3\ud83c\udde6  namradiolocal \ud83c\udfb6 musichead musicmakers instamusiciansdaily musicradio musicartists radiostations  \u266c\u2669\u266a", "label": "NEU", "score": 0.9687886238098145}
{"text": "Now playing on Nam Radio Local: Nge Thanda Wena (feat. Sha Sha) by Mlindo The Vocalist, Sha Sha  \ud83d\udd34 Tune in now. \ud83c\uddf3\ud83c\udde6  namradiolocal \ud83c\udfb6 musichead musicmakers instamusiciansdaily musicradio musicartists radiostations  \u266c\u2669\u266a", "label": "NEU", "score": 0.9690856337547302}
{"text": "heads up to my stl/mo moots, this is the vocalist of a local mxc band.", "label": "NEU", "score": 0.9567112922668457}
{"text": "Now playing on Nam Radio Local: AmaBlesser (Remix) (feat. Rayvanny) by Mlindo The Vocalist, Rayvanny  \ud83d\udd34 Tune in now. \ud83c\uddf3\ud83c\udde6  namradiolocal \ud83c\udfb6 musichead musicmakers instamusiciansdaily musicradio musicartists radiostations  \u266c\u2669\u266a", "label": "NEU", "score": 0.9642795324325562}
{"text": "Now playing on Nam Radio Local: Ancestors by Mlindo The Vocalist  \ud83d\udd34 Tune in now. \ud83c\uddf3\ud83c\udde6  namradiolocal \ud83c\udfb6 musichead musicmakers instamusiciansdaily musicradio musicartists radiostations  \u266c\u2669\u266a", "label": "NEU", "score": 0.9630147814750671}
{"text": "Now playing on Nam Radio Local: Yekela (feat. Masiano & Vusi Nova) by Mlindo The Vocalist, Masiano, Vusi Nova  \ud83d\udd34 Tune in now. \ud83c\uddf3\ud83c\udde6  namradiolocal \ud83c\udfb6 musichead musicmakers instamusiciansdaily musicradio musicartists radiostations  \u266c\u2669\u266a", "label": "NEU", "score": 0.9687886238098145}
{"text": "Mimi Parker, Moody Alt-Rock Vocalist, Is Dead at 55 news sports entertainment music viral media local facts quotes reels newsflash nfl nba hollywood source blog share hiphop", "label": "NEU", "score": 0.8599138855934143}
{"text": "The End Times is coming...band thejimboorblerexperience art artist edit music musicvideo justforfun ComingSoon November2022 StayTuned new news local DIY doityourself hobby thankyou thankful guitarist guitar vocals vocalist sing", "label": "POS", "score": 0.9344316720962524}
{"text": "Now playing on Nam Radio Local: Nge Thanda Wena (feat. Sha Sha) by Mlindo The Vocalist, Sha Sha  \ud83d\udd34 Tune in now. \ud83c\uddf3\ud83c\udde6  namradiolocal \ud83c\udfb6 musichead musicmakers instamusiciansdaily musicradio musicartists radiostations  \u266c\u2669\u266a", "label": "NEU", "score": 0.9690856337547302}
{"text": "As promised, Private Shandis' out now\ud83d\udd25\ud83d\ude4f tag your favourite local vocalist for next collaboration. Link in bio Johannesburg, South Africa", "label": "NEU", "score": 0.9141502976417542}
{"text": "Now playing on Nam Radio Local: Yekela (feat. Masiano & Vusi Nova) by Mlindo The Vocalist, Masiano, Vusi Nova  \ud83d\udd34 Tune in now. \ud83c\uddf3\ud83c\udde6  namradiolocal \ud83c\udfb6 musichead musicmakers instamusiciansdaily musicradio musicartists radiostations  \u266c\u2669\u266a", "label": "NEU", "score": 0.9687886238098145}
{"text": "Now playing on Nam Radio Local: Cold Summer (feat. Vyno Miller) by Mlindo The Vocalist, Vyno Miller  \ud83d\udd34 Tune in now. \ud83c\uddf3\ud83c\udde6  namradiolocal \ud83c\udfb6 musichead musicmakers instamusiciansdaily musicradio musicartists radiostations  \u266c\u2669\u266a", "label": "NEU", "score": 0.9639939665794373}
{"text": "Thank you to for performing tonight, a local a composer, songwriter, artist and vocalist from Northern Ireland AmbassadorAwards2022", "label": "POS", "score": 0.9704009890556335}
{"text": "Now playing on Nam Radio Local: Macala (Radio Version) (feat. Sfeesoh, Kwesta & Thabsie) by Mlindo The Vocalist, Sfeesoh, Kwesta, Thabsie  \ud83d\udd34 Tune in now. \ud83c\uddf3\ud83c\udde6  namradiolocal \ud83c\udfb6 musichead musicmakers instamusiciansdaily musicradio musicartists radiostations  \u266c\u2669\u266a", "label": "NEU", "score": 0.9706313610076904}
{"text": "There was this time when i talked with my friend about the local band i saw before. I was amazed that all the members are visual and they performed one of my fave song. She asked the band name, and she giggled when i answered her. Turned out the vocalist was her bf LMAO \ud83d\ude02\ud83d\ude02\ud83d\ude2d\ud83d\ude2d", "label": "POS", "score": 0.9721167087554932}
{"text": "Now playing on Nam Radio Local: AmaBlesser (Remix) (feat. Rayvanny) by Mlindo The Vocalist, Rayvanny  \ud83d\udd34 Tune in now. \ud83c\uddf3\ud83c\udde6  namradiolocal \ud83c\udfb6 musichead musicmakers instamusiciansdaily musicradio musicartists radiostations  \u266c\u2669\u266a", "label": "NEU", "score": 0.9642795324325562}
{"text": "\u201cAbout A Guy\u201d - Filo BrightWin AUTo \"win over\" the person he likes, Santi (Win) tries his luck with helping the revival of a local band. All he needs is to convince the band's vocalist Mateo (Bright) who has a reputation for being \"difficult\".", "label": "NEU", "score": 0.804266631603241}
{"text": "Now playing on Nam Radio Local: Wamuhle (feat. Shwi Nomtekhala) by Mlindo The Vocalist, Shwi No Mtekhala \ud83d\udd34 Tune in now. \ud83c\uddf3\ud83c\udde6 namradiolocal \ud83c\udfb6 musichead musicmakers instamusiciansdaily musicradio musicartists radiostations \u266c\u2669\u266a", "label": "NEU", "score": 0.9710744023323059}
{"text": "I've worked on set before with Sabrina Scott and John Wells John used to be the lead vocalist of a local metal band here in Louisville, KY... Sad they stooped to a crapstastic Christmas movie", "label": "NEG", "score": 0.9679426550865173}
{"text": "Taeil as local band vocalist", "label": "NEU", "score": 0.974522054195404}
{"text": "local vocalist grows mustache, becomes objectified by me", "label": "NEU", "score": 0.5692692399024963}
{"text": "Now playing on Nam Radio Local: Macala (Radio Version) (feat. Sfeesoh, Kwesta & Thabsie) by Mlindo The Vocalist, Sfeesoh, Kwesta, Thabsie  \ud83d\udd34 Tune in now. \ud83c\uddf3\ud83c\udde6  namradiolocal \ud83c\udfb6 musichead musicmakers instamusiciansdaily musicradio musicartists radiostations  \u266c\u2669\u266a", "label": "NEU", "score": 0.9706313610076904}
{"text": "It was Dead Kennedys vocalist Jello Biafra who got me back into voting because local ballot initiatives.", "label": "NEU", "score": 0.7697676420211792}
{"text": "I am honored to announce my nomination for best local vocalist, head on over to  to cast your vote today supportlocalmusic houston Houston, Texas", "label": "POS", "score": 0.9819926023483276}
{"text": "Now playing on Nam Radio Local: AmaBlesser (Remix) (feat. Rayvanny) by Mlindo The Vocalist, Rayvanny  \ud83d\udd34 Tune in now. \ud83c\uddf3\ud83c\udde6  namradiolocal \ud83c\udfb6 musichead musicmakers instamusiciansdaily musicradio musicartists radiostations  \u266c\u2669\u266a", "label": "NEU", "score": 0.9642795324325562}
{"text": "Now playing on Nam Radio Local: Ancestors by Mlindo The Vocalist  \ud83d\udd34 Tune in now. \ud83c\uddf3\ud83c\udde6  namradiolocal \ud83c\udfb6 musichead musicmakers instamusiciansdaily musicradio musicartists radiostations  \u266c\u2669\u266a", "label": "NEU", "score": 0.9630147814750671}
{"text": "Im more familiar with alphabet tier ranking tbh, like in my opinion Taeil is B+ and Doyoung is B.Alphabet tier is from CRITIC OF MUSIC  that usually make western vocalist ranking. I stan local or western singer more than KPOP tbh.", "label": "NEU", "score": 0.9041386842727661}
{"text": "Now playing on Nam Radio Local: Yekela (feat. Masiano & Vusi Nova) by Mlindo The Vocalist, Masiano, Vusi Nova  \ud83d\udd34 Tune in now. \ud83c\uddf3\ud83c\udde6  namradiolocal \ud83c\udfb6 musichead musicmakers instamusiciansdaily musicradio musicartists radiostations  \u266c\u2669\u266a", "label": "NEU", "score": 0.9687886238098145}
{"text": "Now playing on Nam Radio Local: Mosadi (feat. Vyno Miller) by Mlindo The Vocalist, Vyno Miller  \ud83d\udd34 Tune in now. \ud83c\uddf3\ud83c\udde6  namradiolocal \ud83c\udfb6 musichead musicmakers instamusiciansdaily musicradio musicartists radiostations  \u266c\u2669\u266a", "label": "NEU", "score": 0.9665198922157288}
{"text": "Now playing on Nam Radio Local: Imoto by Mlindo The Vocalist \ud83d\udd34 Tune in now. \ud83c\uddf3\ud83c\udde6 namradiolocal \ud83c\udfb6 musichead musicmakers instamusiciansdaily music radio music artists radio stations \u266c\u2669\u266a", "label": "NEU", "score": 0.9660181403160095}
{"text": "Now playing on Nam Radio Local: Lengoma by Mlindo The Vocalist  \ud83d\udd34 Tune in now. \ud83c\uddf3\ud83c\udde6  namradiolocal \ud83c\udfb6 musichead musicmakers instamusiciansdaily musicradio musicartists radiostations  \u266c\u2669\u266a", "label": "NEU", "score": 0.9639191031455994}
{"text": "Missed it but you said 'HE' and that negates BAND.  The anthem should be played by the local HS or College band.  No excuses unless said local band is supported by a vocalist of 'unknown origin'.", "label": "NEU", "score": 0.7448563575744629}
{"text": "Now playing on Nam Radio Local: Imoto by Mlindo The Vocalist \ud83d\udd34 Tune in now. \ud83c\uddf3\ud83c\udde6 namradiolocal \ud83c\udfb6 musichead musicmakers instamusiciansdaily music radio music artists radio stations \u266c\u2669\u266a", "label": "NEU", "score": 0.9660181403160095}
{"text": "How do I get into a local deathcore band as a vocalist without being in the scene rn", "label": "NEU", "score": 0.9729316830635071}
{"text": "I used to be friends with Sass before she hit the big time Still love her though and I think she's a great artist. I met her when she was with a local band called The Pin-ups. She played Bass and was the vocalist. They were awesome \ud83d\ude0eGood days.", "label": "POS", "score": 0.990702748298645}
{"text": "Now playing on Nam Radio Local: Macala (feat. Sfeesoh, Kwesta & Thabsie) by Mlindo The Vocalist, Sfeesoh, Kwesta, Thabsie  \ud83d\udd34 Tune in now. \ud83c\uddf3\ud83c\udde6  namradiolocal \ud83c\udfb6 musichead musicmakers instamusiciansdaily musicradio musicartists radiostations  \u266c\u2669\u266a", "label": "NEU", "score": 0.9706400632858276}
{"text": "Now playing on Nam Radio Local: Lengoma by Mlindo The Vocalist  \ud83d\udd34 Tune in now. \ud83c\uddf3\ud83c\udde6  namradiolocal \ud83c\udfb6 musichead musicmakers instamusiciansdaily musicradio musicartists radiostations  \u266c\u2669\u266a", "label": "NEU", "score": 0.9639191031455994}
{"text": "Now playing on Nam Radio Local: Emakhaya by Mlindo The Vocalist  \ud83d\udd34 Tune in now. \ud83c\uddf3\ud83c\udde6  namradiolocal \ud83c\udfb6 musichead musicmakers instamusiciansdaily musicradio musicartists radiostations  \u266c\u2669\u266a", "label": "NEU", "score": 0.9650861620903015}
{"text": "Now playing on Nam Radio Local: Yekela (feat. Masiano & Vusi Nova) by Mlindo The Vocalist, Masiano, Vusi Nova  \ud83d\udd34 Tune in now. \ud83c\uddf3\ud83c\udde6  namradiolocal \ud83c\udfb6 musichead musicmakers instamusiciansdaily musicradio musicartists radiostations  \u266c\u2669\u266a", "label": "NEU", "score": 0.9687886238098145}
{"text": "Now playing on Nam Radio Local: Usbahle by Mlindo The Vocalist  \ud83d\udd34 Tune in now. \ud83c\uddf3\ud83c\udde6  namradiolocal \ud83c\udfb6 musichead musicmakers instamusiciansdaily musicradio musicartists radiostations  \u266c\u2669\u266a", "label": "NEU", "score": 0.9641273617744446}
{"text": "local baekhyun enthusiasts, associated with puppies, main vocalists of their respective groups (yuri's former group but still a main vocalist nonetheless) ALL THE PIECES ARE HERE WE JUST NEED TO PUT THEM TOGETHER", "label": "NEU", "score": 0.7336542010307312}
{"text": "\u203c\ufe0flooking for a female vocalist with a wide range that might be interested in doing vocals\u203c\ufe0fthe song will be similar to the style of this one posted that I wrote and had a local hip hop artist jump in on verses , the song is about is about mental health", "label": "NEU", "score": 0.7196919322013855}
{"text": "Once found filed under \u2018female vocalist\u2019 in my local Boots record shop.", "label": "NEU", "score": 0.9760061502456665}
{"text": "Now playing on Nam Radio Local: AmaBlesser (feat. DJ Maphorisa) by Mlindo The Vocalist, DJ Maphorisa  \ud83d\udd34 Tune in now. \ud83c\uddf3\ud83c\udde6  namradiolocal \ud83c\udfb6 musichead musicmakers instamusiciansdaily musicradio musicartists radiostations  \u266c\u2669\u266a", "label": "NEU", "score": 0.95509934425354}
{"text": "had a dream that me and this local vocalist fell in love and now i have a crush on him again. this has happened more that once. i\u2019ve said maybe one word to him ever", "label": "POS", "score": 0.6348403692245483}
{"text": "That's a local musician \ud83d\ude05 vocalist of my fave band \ud83d\ude05\ud83d\ude05", "label": "NEU", "score": 0.6215712428092957}
{"text": "Now playing on Nam Radio Local: Lay'ndlini by Mlindo The Vocalist  \ud83d\udd34 Tune in now. \ud83c\uddf3\ud83c\udde6  namradiolocal \ud83c\udfb6 musichead musicmakers instamusiciansdaily musicradio musicartists radiostations  \u266c\u2669\u266a", "label": "NEU", "score": 0.968306303024292}
{"text": "Now playing on Nam Radio Local: Yekela (feat. Masiano & Vusi Nova) by Mlindo The Vocalist, Masiano, Vusi Nova  \ud83d\udd34 Tune in now. \ud83c\uddf3\ud83c\udde6  namradiolocal \ud83c\udfb6 musichead musicmakers instamusiciansdaily musicradio musicartists radiostations  \u266c\u2669\u266a", "label": "NEU", "score": 0.9687886238098145}
{"text": "Twitter about to make a fortune off local bands and their vocalist\u2019s for a blue check mark lol", "label": "NEU", "score": 0.8046291470527649}
{"text": "Niall Russell, known as the guitarist/vocalist of local rock band Slipstream, stepped in for two gigs while a permanent replacement was sought out. Alan Stares, who had quit\u00a0Dionysus\u00a0after seven years, was the man chosen to replace Jim.", "label": "NEU", "score": 0.9701859354972839}
{"text": "Now playing on Nam Radio Local: Macala (Radio Version) (feat. Sfeesoh, Kwesta & Thabsie) by Mlindo The Vocalist, Sfeesoh, Kwesta, Thabsie  \ud83d\udd34 Tune in now. \ud83c\uddf3\ud83c\udde6  namradiolocal \ud83c\udfb6 musichead musicmakers instamusiciansdaily musicradio musicartists radiostations  \u266c\u2669\u266a", "label": "NEU", "score": 0.9706313610076904}
{"text": "Now playing on Nam Radio Local: Lay'ndlini by Mlindo The Vocalist  \ud83d\udd34 Tune in now. \ud83c\uddf3\ud83c\udde6  namradiolocal \ud83c\udfb6 musichead musicmakers instamusiciansdaily musicradio musicartists radiostations  \u266c\u2669\u266a", "label": "NEU", "score": 0.968306303024292}
{"text": "I have also been listening to some local projects recently. I know you dropping this month, so I gotta ask looking back on the year which local rapper (aside from yourself obviously) did you think had a tough year? And best local female vocalist?", "label": "NEU", "score": 0.9493550062179565}
{"text": "Now playing on Nam Radio Local: Cold Summer (feat. Vyno Miller) by Mlindo The Vocalist, Vyno Miller  \ud83d\udd34 Tune in now. \ud83c\uddf3\ud83c\udde6  namradiolocal \ud83c\udfb6 musichead musicmakers instamusiciansdaily musicradio musicartists radiostations  \u266c\u2669\u266a", "label": "NEU", "score": 0.9639939665794373}
{"text": "chainsaw man local band had a band before becoming a band \u2014 what if csm boys became hangout vocalists?\u2014Literature", "label": "NEU", "score": 0.981340229511261}
{"text": "injunchild New York USA (Lead Vocalist) seeks Lead Guitarist,Bass Guitarist,Drummer. I\u2019m a female lead vocalist with 30+ years experience looking to join or start a classic rock cover band and eventually play in some of the local venues  findamusician", "label": "NEU", "score": 0.9127488136291504}
{"text": "Now playing on Nam Radio Local: Yekela (feat. Masiano & Vusi Nova) by Mlindo The Vocalist, Masiano, Vusi Nova  \ud83d\udd34 Tune in now. \ud83c\uddf3\ud83c\udde6  namradiolocal \ud83c\udfb6 musichead musicmakers instamusiciansdaily musicradio musicartists radiostations  \u266c\u2669\u266a", "label": "NEU", "score": 0.9687886238098145}
{"text": "Now playing on Nam Radio Local: Usukulude by Mlindo The Vocalist  \ud83d\udd34 Tune in now. \ud83c\uddf3\ud83c\udde6  namradiolocal \ud83c\udfb6 musichead musicmakers instamusiciansdaily musicradio musicartists radiostations  \u266c\u2669\u266a", "label": "NEU", "score": 0.9641833305358887}
{"text": "Last video of the day. The 25s encore lol and some shots of the vocalist.Hope the next local festival can be better than this. Thank u Berdendang Bergoyang \u2728\ufe0f", "label": "POS", "score": 0.7692268490791321}
{"text": "Now playing on Nam Radio Local: Macala (Radio Version) (feat. Sfeesoh, Kwesta & Thabsie) by Mlindo The Vocalist, Sfeesoh, Kwesta, Thabsie  \ud83d\udd34 Tune in now. \ud83c\uddf3\ud83c\udde6  namradiolocal \ud83c\udfb6 musichead musicmakers instamusiciansdaily musicradio musicartists radiostations  \u266c\u2669\u266a", "label": "NEU", "score": 0.9706313610076904}
{"text": "Supporting and  representing local designersDressed by Kimsho ClothingPhotographer Siyabonga BulutaI go by the Name Sammy Bee Da Vocalist", "label": "POS", "score": 0.8758074641227722}
{"text": "Now playing on Nam Radio Local: Wamuhle (feat. Shwi Nomtekhala) by Mlindo The Vocalist, Shwi No Mtekhala \ud83d\udd34 Tune in now. \ud83c\uddf3\ud83c\udde6 namradiolocal \ud83c\udfb6 musichead musicmakers instamusiciansdaily musicradio musicartists radiostations \u266c\u2669\u266a", "label": "NEU", "score": 0.9710744023323059}
{"text": "Now playing on Nam Radio Local: Usukulude by Mlindo The Vocalist  \ud83d\udd34 Tune in now. \ud83c\uddf3\ud83c\udde6  namradiolocal \ud83c\udfb6 musichead musicmakers instamusiciansdaily musicradio musicartists radiostations  \u266c\u2669\u266a", "label": "NEU", "score": 0.9641833305358887}
{"text": "Now playing on Nam Radio Local: Mosadi (feat. Vyno Miller) by Mlindo The Vocalist, Vyno Miller  \ud83d\udd34 Tune in now. \ud83c\uddf3\ud83c\udde6  namradiolocal \ud83c\udfb6 musichead musicmakers instamusiciansdaily musicradio musicartists radiostations  \u266c\u2669\u266a", "label": "NEU", "score": 0.9665198922157288}
{"text": "Update 2: It's actually a 70s cover band, playing at the local RSL/pokie palace. Not sure that the Divinyls 'Boys in Town' really works with a male vocalist in the tenor register.", "label": "NEU", "score": 0.9758708477020264}
{"text": "If you're a vocalist, especially in a local metal band and you can't do your vocals/screams live without taking breaks and speaking parts, you probably shouldn't be doing vocals live. Technique matters y'all.", "label": "NEG", "score": 0.6699512600898743}
{"text": "Now playing on Nam Radio Local: Egoli (feat. Sjava) by Mlindo The Vocalist, Sjava  \ud83d\udd34 Tune in now. \ud83c\uddf3\ud83c\udde6  namradiolocal \ud83c\udfb6 musichead musicmakers instamusiciansdaily musicradio musicartists radiostations  \u266c\u2669\u266a", "label": "NEU", "score": 0.9669640064239502}
{"text": "Oehlers has been a local guitarist and vocalist for over 40 years.", "label": "NEU", "score": 0.960203230381012}
{"text": "We\u2019re stoked to welcome for Acoustic Night Friday TONIGHT 6-9p at our Old Town Taproom, . Michael, a local favorite, is a talented singer/songwriter and 5 time winner of the Coachella Valley Weekly's Best Male Vocalist Award Don\u2019t miss this", "label": "POS", "score": 0.9907885193824768}
{"text": "Now playing on Nam Radio Local: AmaBlesser (feat. DJ Maphorisa) by Mlindo The Vocalist, DJ Maphorisa  \ud83d\udd34 Tune in now. \ud83c\uddf3\ud83c\udde6  namradiolocal \ud83c\udfb6 musichead musicmakers instamusiciansdaily musicradio musicartists radiostations  \u266c\u2669\u266a", "label": "NEU", "score": 0.95509934425354}
{"text": "Now playing on Nam Radio Local: AmaBlesser (Remix) (feat. Rayvanny) by Mlindo The Vocalist, Rayvanny  \ud83d\udd34 Tune in now. \ud83c\uddf3\ud83c\udde6  namradiolocal \ud83c\udfb6 musichead musicmakers instamusiciansdaily musicradio musicartists radiostations  \u266c\u2669\u266a", "label": "NEU", "score": 0.9642795324325562}
{"text": "Now playing on Nam Radio Local: Wamuhle (feat. Shwi Nomtekhala) by Mlindo The Vocalist, Shwi No Mtekhala \ud83d\udd34 Tune in now. \ud83c\uddf3\ud83c\udde6 namradiolocal \ud83c\udfb6 musichead musicmakers instamusiciansdaily musicradio musicartists radiostations \u266c\u2669\u266a", "label": "NEU", "score": 0.9710744023323059}
{"text": "LISTEN NOW to: Jackie Mitchell talks to Amy Whiter 25th October 2022  Jackie Mitchell talks to Amy Whiter vocalist with local group Dragonfly Sky. The other part of the duo is Chri: lovingsurrey  at", "label": "NEU", "score": 0.9108163714408875}
{"text": "\u2022 Kim Taehyung known as V\u2022 Vocalist & Dancer of BTS\u2022 30 Desember 1995\u2022 Local Name : Raja Bramanta\u2022 Yeontan's dad\u300c I\u2019m Goodboy  \u2013 V \u300d", "label": "NEU", "score": 0.9085051417350769}
{"text": "is a 3X Juno Nominee and a 10-time winner of the Maple Blues Award for songwriting, female vocalist, acoustic act and more. Join us Sunday afternoon as sher performs at our latest edition of the Live & Local Music Series.BPAC2223 BurlON", "label": "NEU", "score": 0.6100390553474426}
{"text": "Now playing on Nam Radio Local: Macala (Radio Version) (feat. Sfeesoh, Kwesta & Thabsie) by Mlindo The Vocalist, Sfeesoh, Kwesta, Thabsie  \ud83d\udd34 Tune in now. \ud83c\uddf3\ud83c\udde6  namradiolocal \ud83c\udfb6 musichead musicmakers instamusiciansdaily musicradio musicartists radiostations  \u266c\u2669\u266a", "label": "NEU", "score": 0.9706313610076904}
{"text": "im ALWAYS down for the signal bro n abt Vocalist..... we can random pick our local bffs \ud83d\ude08\ud83d\ude08", "label": "NEU", "score": 0.5463467240333557}
{"text": "Now playing on Nam Radio Local: Egoli (feat. Sjava) by Mlindo The Vocalist, Sjava  \ud83d\udd34 Tune in now. \ud83c\uddf3\ud83c\udde6  namradiolocal \ud83c\udfb6 musichead musicmakers instamusiciansdaily musicradio musicartists radiostations  \u266c\u2669\u266a", "label": "NEU", "score": 0.9669640064239502}
{"text": "Now playing on Nam Radio Local: Lengoma by Mlindo The Vocalist  \ud83d\udd34 Tune in now. \ud83c\uddf3\ud83c\udde6  namradiolocal \ud83c\udfb6 musichead musicmakers instamusiciansdaily musicradio musicartists radiostations  \u266c\u2669\u266a", "label": "NEU", "score": 0.9639191031455994}
{"text": "Now playing on Nam Radio Local: Nge Thanda Wena (feat. Sha Sha) by Mlindo The Vocalist, Sha Sha  \ud83d\udd34 Tune in now. \ud83c\uddf3\ud83c\udde6  namradiolocal \ud83c\udfb6 musichead musicmakers instamusiciansdaily musicradio musicartists radiostations  \u266c\u2669\u266a", "label": "NEU", "score": 0.9690856337547302}
{"text": "Now playing on Nam Radio Local: Yekela (feat. Masiano & Vusi Nova) by Mlindo The Vocalist, Masiano, Vusi Nova  \ud83d\udd34 Tune in now. \ud83c\uddf3\ud83c\udde6  namradiolocal \ud83c\udfb6 musichead musicmakers instamusiciansdaily musicradio musicartists radiostations  \u266c\u2669\u266a", "label": "NEU", "score": 0.9687886238098145}
{"text": "When will people in the local hardcore pages that don\u2019t go to shows realize literally everyone and their momma does vocals. Saying \u201cwho needs a vocalist\u201d isn\u2019t gonna get you band mates.", "label": "NEG", "score": 0.5474677085876465}
{"text": "With the vocalist and best friend of local punk band:FOUL PRIDE", "label": "POS", "score": 0.9724170565605164}
{"text": "Now playing on Nam Radio Local: Macala (feat. Sfeesoh, Kwesta & Thabsie) by Mlindo The Vocalist, Sfeesoh, Kwesta, Thabsie  \ud83d\udd34 Tune in now. \ud83c\uddf3\ud83c\udde6  namradiolocal \ud83c\udfb6 musichead musicmakers instamusiciansdaily musicradio musicartists radiostations  \u266c\u2669\u266a", "label": "NEU", "score": 0.9706400632858276}
{"text": "Now playing on Nam Radio Local: Usbahle by Mlindo The Vocalist  \ud83d\udd34 Tune in now. \ud83c\uddf3\ud83c\udde6  namradiolocal \ud83c\udfb6 musichead musicmakers instamusiciansdaily musicradio musicartists radiostations  \u266c\u2669\u266a", "label": "NEU", "score": 0.9641273617744446}
{"text": "playing a Hunter: The Reckoning one-shot and my character is a street exorcist: platinum blond, green-eyed Leopold Stark, lead guitarist and backup vocalist for the popular local punk band Witch Eater. On vampire hunts, he carries his gear and weapons in a converted guitar case.", "label": "NEU", "score": 0.955929160118103}
{"text": "Now playing on Nam Radio Local: Lengoma by Mlindo The Vocalist  \ud83d\udd34 Tune in now. \ud83c\uddf3\ud83c\udde6  namradiolocal \ud83c\udfb6 musichead musicmakers instamusiciansdaily musicradio musicartists radiostations  \u266c\u2669\u266a", "label": "NEU", "score": 0.9639191031455994}
{"text": "Now playing on Nam Radio Local: Lay'ndlini by Mlindo The Vocalist  \ud83d\udd34 Tune in now. \ud83c\uddf3\ud83c\udde6  namradiolocal \ud83c\udfb6 musichead musicmakers instamusiciansdaily musicradio musicartists radiostations  \u266c\u2669\u266a", "label": "NEU", "score": 0.968306303024292}
{"text": "Now playing on Nam Radio Local: AmaBlesser (Remix) (feat. Rayvanny) by Mlindo The Vocalist, Rayvanny  \ud83d\udd34 Tune in now. \ud83c\uddf3\ud83c\udde6  namradiolocal \ud83c\udfb6 musichead musicmakers instamusiciansdaily musicradio musicartists radiostations  \u266c\u2669\u266a", "label": "NEU", "score": 0.9642795324325562}
{"text": "Now playing on Nam Radio Local: Usbahle by Mlindo The Vocalist  \ud83d\udd34 Tune in now. \ud83c\uddf3\ud83c\udde6  namradiolocal \ud83c\udfb6 musichead musicmakers instamusiciansdaily musicradio musicartists radiostations  \u266c\u2669\u266a", "label": "NEU", "score": 0.9641273617744446}
{"text": "Now playing on Nam Radio Local: Mosadi (feat. Vyno Miller) by Mlindo The Vocalist, Vyno Miller  \ud83d\udd34 Tune in now. \ud83c\uddf3\ud83c\udde6  namradiolocal \ud83c\udfb6 musichead musicmakers instamusiciansdaily musicradio musicartists radiostations  \u266c\u2669\u266a", "label": "NEU", "score": 0.9665198922157288}
{"text": "Now playing on Nam Radio Local: Macala (Radio Version) (feat. Sfeesoh, Kwesta & Thabsie) by Mlindo The Vocalist, Sfeesoh, Kwesta, Thabsie  \ud83d\udd34 Tune in now. \ud83c\uddf3\ud83c\udde6  namradiolocal \ud83c\udfb6 musichead musicmakers instamusiciansdaily musicradio musicartists radiostations  \u266c\u2669\u266a", "label": "NEU", "score": 0.9706313610076904}
{"text": "6 Facts you didn\u2019t know about Wizkid A Thread:1. Wizkid whose real name is Ayodeji IbrahimBalogun started singing at the age of just 11.He was in-fact the lead Vocalist in his Local Church", "label": "NEU", "score": 0.9381349682807922}
{"text": "Now playing on Nam Radio Local: Nge Thanda Wena (feat. Sha Sha) by Mlindo The Vocalist, Sha Sha  \ud83d\udd34 Tune in now. \ud83c\uddf3\ud83c\udde6  namradiolocal \ud83c\udfb6 musichead musicmakers instamusiciansdaily musicradio musicartists radiostations  \u266c\u2669\u266a", "label": "NEU", "score": 0.9690856337547302}
{"text": "Now playing on Nam Radio Local: Imoto by Mlindo The Vocalist \ud83d\udd34 Tune in now. \ud83c\uddf3\ud83c\udde6 namradiolocal \ud83c\udfb6 musichead musicmakers instamusiciansdaily music radio music artists radio stations \u266c\u2669\u266a", "label": "NEU", "score": 0.9660181403160095}
{"text": "Now playing on Nam Radio Local: Ancestors by Mlindo The Vocalist  \ud83d\udd34 Tune in now. \ud83c\uddf3\ud83c\udde6  namradiolocal \ud83c\udfb6 musichead musicmakers instamusiciansdaily musicradio musicartists radiostations  \u266c\u2669\u266a", "label": "NEU", "score": 0.9630147814750671}
{"text": "Now playing on Nam Radio Local: Egoli (feat. Sjava) by Mlindo The Vocalist, Sjava  \ud83d\udd34 Tune in now. \ud83c\uddf3\ud83c\udde6  namradiolocal \ud83c\udfb6 musichead musicmakers instamusiciansdaily musicradio musicartists radiostations  \u266c\u2669\u266a", "label": "NEU", "score": 0.9669640064239502}
{"text": "Now playing on Nam Radio Local: Macala (feat. Sfeesoh, Kwesta & Thabsie) by Mlindo The Vocalist, Sfeesoh, Kwesta, Thabsie  \ud83d\udd34 Tune in now. \ud83c\uddf3\ud83c\udde6  namradiolocal \ud83c\udfb6 musichead musicmakers instamusiciansdaily musicradio musicartists radiostations  \u266c\u2669\u266a", "label": "NEU", "score": 0.9706400632858276}
{"text": "Don't miss local-favorite, vocalist and musician Doug Jennings at The Taproom again tomorrow nightClick here to make a dinner reservation:", "label": "POS", "score": 0.8843567967414856}
{"text": "Now playing on Nam Radio Local: Emakhaya by Mlindo The Vocalist  \ud83d\udd34 Tune in now. \ud83c\uddf3\ud83c\udde6  namradiolocal \ud83c\udfb6 musichead musicmakers instamusiciansdaily musicradio musicartists radiostations  \u266c\u2669\u266a", "label": "NEU", "score": 0.9650861620903015}
{"text": "'EARN THE SUPPORT'Parokya ni Edgar lead vocalist Chito Miranda Jr. said Pinoy artists should level up their performances instead of blaming international shows for the lack of support in the local entertainment industry.READ:", "label": "NEU", "score": 0.888496458530426}
{"text": "'EARN THE SUPPORT'Parokya ni Edgar lead vocalist Chito Miranda Jr. said Pinoy artists should level up their performances instead of blaming international shows for the lack of support in the local entertainment industry.Read:", "label": "NEU", "score": 0.8872331976890564}
{"text": "Meet the union musicians of NYC Today, say hello to guitarist, vocalist and multi-instrumentalist Ricky Persaud, Jr. ( ). Learn more about Ricky and about how to join Local 802 (with no initiation fee until Dec. 31):", "label": "NEU", "score": 0.9254649877548218}
{"text": "Now playing on Nam Radio Local: Usbahle by Mlindo The Vocalist  \ud83d\udd34 Tune in now. \ud83c\uddf3\ud83c\udde6  namradiolocal \ud83c\udfb6 musichead musicmakers instamusiciansdaily musicradio musicartists radiostations  \u266c\u2669\u266a", "label": "NEU", "score": 0.9641273617744446}
{"text": "Now playing on Nam Radio Local: Usukulude by Mlindo The Vocalist  \ud83d\udd34 Tune in now. \ud83c\uddf3\ud83c\udde6  namradiolocal \ud83c\udfb6 musichead musicmakers instamusiciansdaily musicradio musicartists radiostations  \u266c\u2669\u266a", "label": "NEU", "score": 0.9641833305358887}
{"text": "Our bass player/lead vocalist Ski curates a Spotify playlist featuring some of the best ska music available.  From local artists you may not know to international acts with whom you're familiar, nothing but the best.  Dig  skaMusic localMusic", "label": "POS", "score": 0.9911792874336243}
{"text": "Local Grammy-Winning Vocalist Set to Join Erie Philharmonic for Symphonic Season Opener", "label": "NEU", "score": 0.8048981428146362}
{"text": "Now playing on Nam Radio Local: Imoto by Mlindo The Vocalist \ud83d\udd34 Tune in now. \ud83c\uddf3\ud83c\udde6 namradiolocal \ud83c\udfb6 musichead musicmakers instamusiciansdaily music radio music artists radio stations \u266c\u2669\u266a", "label": "NEU", "score": 0.9660181403160095}
{"text": "Now playing on Nam Radio Local: Egoli (feat. Sjava) by Mlindo The Vocalist, Sjava  \ud83d\udd34 Tune in now. \ud83c\uddf3\ud83c\udde6  namradiolocal \ud83c\udfb6 musichead musicmakers instamusiciansdaily musicradio musicartists radiostations  \u266c\u2669\u266a", "label": "NEU", "score": 0.9669640064239502}
{"text": "Now playing on Nam Radio Local: Usukulude by Mlindo The Vocalist  \ud83d\udd34 Tune in now. \ud83c\uddf3\ud83c\udde6  namradiolocal \ud83c\udfb6 musichead musicmakers instamusiciansdaily musicradio musicartists radiostations  \u266c\u2669\u266a", "label": "NEU", "score": 0.9641833305358887}
{"text": "macam vocalist that one particular local indie band shshshshs", "label": "NEU", "score": 0.9626979231834412}
{"text": "Now playing on Nam Radio Local: Mosadi (feat. Vyno Miller) by Mlindo The Vocalist, Vyno Miller  \ud83d\udd34 Tune in now. \ud83c\uddf3\ud83c\udde6  namradiolocal \ud83c\udfb6 musichead musicmakers instamusiciansdaily musicradio musicartists radiostations  \u266c\u2669\u266a", "label": "NEU", "score": 0.9665198922157288}
{"text": "Asa loves horror movies, but don't watch them with her if you don't want her howling and sarcastically commentating the entire time.She wants to be a lead vocalist of her own band someday, so you'll often find her hitting up karaoke nights at the local bars on weekend nights.", "label": "NEU", "score": 0.6664930582046509}
{"text": "Now playing on Nam Radio Local: Cold Summer (feat. Vyno Miller) by Mlindo The Vocalist, Vyno Miller  \ud83d\udd34 Tune in now. \ud83c\uddf3\ud83c\udde6  namradiolocal \ud83c\udfb6 musichead musicmakers instamusiciansdaily musicradio musicartists radiostations  \u266c\u2669\u266a", "label": "NEU", "score": 0.9639939665794373}
{"text": "Now playing on Nam Radio Local: Emakhaya by Mlindo The Vocalist  \ud83d\udd34 Tune in now. \ud83c\uddf3\ud83c\udde6  namradiolocal \ud83c\udfb6 musichead musicmakers instamusiciansdaily musicradio musicartists radiostations  \u266c\u2669\u266a", "label": "NEU", "score": 0.9650861620903015}
{"text": "Now playing on Nam Radio Local: Lay'ndlini by Mlindo The Vocalist  \ud83d\udd34 Tune in now. \ud83c\uddf3\ud83c\udde6  namradiolocal \ud83c\udfb6 musichead musicmakers instamusiciansdaily musicradio musicartists radiostations  \u266c\u2669\u266a", "label": "NEU", "score": 0.968306303024292}
{"text": "We had a great time playing , yesterday Many thanks for having us \ud83d\ude4f \ud83d\udc89\ud83c\udfb6\ud83d\udc8bHMV LiveAndLocal IsleOfWight Southampton Local Band NewBand NewMusic Musicians MusicianLife Vocalist Support New Music Interview Gig Gigs Gigging TheStateInjectables", "label": "POS", "score": 0.9902645349502563}
{"text": "Now playing on Nam Radio Local: Emakhaya by Mlindo The Vocalist  \ud83d\udd34 Tune in now. \ud83c\uddf3\ud83c\udde6  namradiolocal \ud83c\udfb6 musichead musicmakers instamusiciansdaily musicradio musicartists radiostations  \u266c\u2669\u266a", "label": "NEU", "score": 0.9650861620903015}
{"text": "Now playing on Nam Radio Local: AmaBlesser (Remix) (feat. Rayvanny) by Mlindo The Vocalist, Rayvanny  \ud83d\udd34 Tune in now. \ud83c\uddf3\ud83c\udde6  namradiolocal \ud83c\udfb6 musichead musicmakers instamusiciansdaily musicradio musicartists radiostations  \u266c\u2669\u266a", "label": "NEU", "score": 0.9642795324325562}
{"text": "Now playing on Nam Radio Local: Yekela (feat. Masiano & Vusi Nova) by Mlindo The Vocalist, Masiano, Vusi Nova  \ud83d\udd34 Tune in now. \ud83c\uddf3\ud83c\udde6  namradiolocal \ud83c\udfb6 musichead musicmakers instamusiciansdaily musicradio musicartists radiostations  \u266c\u2669\u266a", "label": "NEU", "score": 0.9687886238098145}
{"text": "Are there no local bands that are looking for a screamo vocalist?", "label": "NEU", "score": 0.9493024349212646}
{"text": "Now playing on Nam Radio Local: Yekela (feat. Masiano & Vusi Nova) by Mlindo The Vocalist, Masiano, Vusi Nova  \ud83d\udd34 Tune in now. \ud83c\uddf3\ud83c\udde6  namradiolocal \ud83c\udfb6 musichead musicmakers instamusiciansdaily musicradio musicartists radiostations  \u266c\u2669\u266a", "label": "NEU", "score": 0.9687886238098145}
{"text": "Yep she is Best vocalist in the local metal scene \ud83e\udd18\ud83e\udd18", "label": "POS", "score": 0.9906306862831116}
{"text": "Now playing on Nam Radio Local: Lay'ndlini by Mlindo The Vocalist  \ud83d\udd34 Tune in now. \ud83c\uddf3\ud83c\udde6  namradiolocal \ud83c\udfb6 musichead musicmakers instamusiciansdaily musicradio musicartists radiostations  \u266c\u2669\u266a", "label": "NEU", "score": 0.968306303024292}
{"text": "Stone Sour was founded by Corey Taylor who later became the vocalist of Slipknot & former drummer Joel Ekman 'the band's name comes from a cocktail menu at a local bar'Inhale 2002Shawn EconomakiJim RootJosh RandChristian MartucciJohny ChowRoy MayorgaJoel Ekman", "label": "NEU", "score": 0.9601078033447266}
{"text": "Kapag inggit pikitWell, Eraserheads as a band has never lost its magic. They're still one of the most popular local boy bands we have. Not to mention Ely Buendia, the lead vocalist is a Kakampink. \ud83d\udc97", "label": "POS", "score": 0.9514495134353638}
{"text": "Now playing on Nam Radio Local: Mosadi (feat. Vyno Miller) by Mlindo The Vocalist, Vyno Miller  \ud83d\udd34 Tune in now. \ud83c\uddf3\ud83c\udde6  namradiolocal \ud83c\udfb6 musichead musicmakers instamusiciansdaily musicradio musicartists radiostations  \u266c\u2669\u266a", "label": "NEU", "score": 0.9665198922157288}
{"text": "Now playing on Nam Radio Local: Wamuhle (feat. Shwi Nomtekhala) by Mlindo The Vocalist, Shwi No Mtekhala \ud83d\udd34 Tune in now. \ud83c\uddf3\ud83c\udde6 namradiolocal \ud83c\udfb6 musichead musicmakers instamusiciansdaily musicradio musicartists radiostations \u266c\u2669\u266a", "label": "NEU", "score": 0.9710744023323059}
{"text": "Now playing on Nam Radio Local: AmaBlesser (feat. DJ Maphorisa) by Mlindo The Vocalist, DJ Maphorisa  \ud83d\udd34 Tune in now. \ud83c\uddf3\ud83c\udde6  namradiolocal \ud83c\udfb6 musichead musicmakers instamusiciansdaily musicradio musicartists radiostations  \u266c\u2669\u266a", "label": "NEU", "score": 0.95509934425354}
{"text": "Now playing on Nam Radio Local: Usukulude by Mlindo The Vocalist  \ud83d\udd34 Tune in now. \ud83c\uddf3\ud83c\udde6  namradiolocal \ud83c\udfb6 musichead musicmakers instamusiciansdaily musicradio musicartists radiostations  \u266c\u2669\u266a", "label": "NEU", "score": 0.9641833305358887}
{"text": "We are THRILLED to announce our 1st Performer spotlight for The WorcShop's \"FAB\" Factory Grand Reopening Celebration Join us for the inaugural performance of:  ~~~ Pan d'Elote ~~~Comprised of 2  longstanding legendary local musicians Jubilee Connolly  a guitarist, vocalist", "label": "POS", "score": 0.964801549911499}
{"text": "Now playing on Nam Radio Local: Cold Summer (feat. Vyno Miller) by Mlindo The Vocalist, Vyno Miller  \ud83d\udd34 Tune in now. \ud83c\uddf3\ud83c\udde6  namradiolocal \ud83c\udfb6 musichead musicmakers instamusiciansdaily musicradio musicartists radiostations  \u266c\u2669\u266a", "label": "NEU", "score": 0.9639939665794373}
{"text": "Now playing on Nam Radio Local: Ancestors by Mlindo The Vocalist  \ud83d\udd34 Tune in now. \ud83c\uddf3\ud83c\udde6  namradiolocal \ud83c\udfb6 musichead musicmakers instamusiciansdaily musicradio musicartists radiostations  \u266c\u2669\u266a", "label": "NEU", "score": 0.9630147814750671}
{"text": "Now playing on Nam Radio Local: Macala (Radio Version) (feat. Sfeesoh, Kwesta & Thabsie) by Mlindo The Vocalist, Sfeesoh, Kwesta, Thabsie  \ud83d\udd34 Tune in now. \ud83c\uddf3\ud83c\udde6  namradiolocal \ud83c\udfb6 musichead musicmakers instamusiciansdaily musicradio musicartists radiostations  \u266c\u2669\u266a", "label": "NEU", "score": 0.9706313610076904}
{"text": "A Local Band is my favorite band i personally like Lead Vocalist, Bassist, and Drummer. v great songs.", "label": "POS", "score": 0.9896466135978699}
{"text": "Now playing on Nam Radio Local: Mosadi (feat. Vyno Miller) by Mlindo The Vocalist, Vyno Miller  \ud83d\udd34 Tune in now. \ud83c\uddf3\ud83c\udde6  namradiolocal \ud83c\udfb6 musichead musicmakers instamusiciansdaily musicradio musicartists radiostations  \u266c\u2669\u266a", "label": "NEU", "score": 0.9665198922157288}
{"text": "just found out the vocalist for my fav local band is a minister so if i ever get married he will be the one to do it", "label": "POS", "score": 0.8880248069763184}
{"text": "Now playing on Nam Radio Local: Usukulude by Mlindo The Vocalist  \ud83d\udd34 Tune in now. \ud83c\uddf3\ud83c\udde6  namradiolocal \ud83c\udfb6 musichead musicmakers instamusiciansdaily musicradio musicartists radiostations  \u266c\u2669\u266a", "label": "NEU", "score": 0.9641833305358887}
{"text": "Canadian vocalist and producer Eden Samara has shared details of her debut album, 'Rough Night', out next month on Local ActionIt features guest production from Loraine James, Call Super and more", "label": "NEU", "score": 0.936186671257019}
{"text": "main vocalist of a local band vibes", "label": "NEU", "score": 0.9699668288230896}
{"text": "Now playing on Nam Radio Local: Mosadi (feat. Vyno Miller) by Mlindo The Vocalist, Vyno Miller  \ud83d\udd34 Tune in now. \ud83c\uddf3\ud83c\udde6  namradiolocal \ud83c\udfb6 musichead musicmakers instamusiciansdaily musicradio musicartists radiostations  \u266c\u2669\u266a", "label": "NEU", "score": 0.9665198922157288}
{"text": "one of my least favorite genres of music has to be the local old guy rock band where everyone absolutely grooves except the vocalist, whose voice is completely shot from decades of smoking & drinking.", "label": "NEG", "score": 0.9685090184211731}
{"text": "Local talent I used to live a couple of miles from the vocalist.\ud83e\udd18\ud83c\udffb", "label": "NEU", "score": 0.9450235962867737}
{"text": "Sharonb Ohio USA (Lead Vocalist) seeks Drummer,Keyboard Player,Pianist. I am a member of a local church in Columbus and we are looking for a drummer, pianist or keyboard player for Sundays at 11:30 am  findamusician", "label": "NEU", "score": 0.9264969229698181}
{"text": "Jeffrey Suffolk UK (Drummer) seeks Lead Guitarist,Lead Vocalist,Bass Guitarist. Local Suffolk drummer looking for musicians to start a band with. Doing covers and original material with some gigging. Contact me if interested.  findamusician", "label": "NEU", "score": 0.9201862215995789}
{"text": "Now playing on Nam Radio Local: AmaBlesser (Remix) (feat. Rayvanny) by Mlindo The Vocalist, Rayvanny  \ud83d\udd34 Tune in now. \ud83c\uddf3\ud83c\udde6  namradiolocal \ud83c\udfb6 musichead musicmakers instamusiciansdaily musicradio musicartists radiostations  \u266c\u2669\u266a", "label": "NEU", "score": 0.9642795324325562}
{"text": "Don't know how I forgot to tag some of my local deathcore resident inspirations who make me want to become a better vocalist and", "label": "NEU", "score": 0.8120445013046265}
{"text": "Now playing on Nam Radio Local: Imoto by Mlindo The Vocalist \ud83d\udd34 Tune in now. \ud83c\uddf3\ud83c\udde6 namradiolocal \ud83c\udfb6 musichead musicmakers instamusiciansdaily music radio music artists radio stations \u266c\u2669\u266a", "label": "NEU", "score": 0.9660181403160095}
{"text": "Now playing on Nam Radio Local: Lay'ndlini by Mlindo The Vocalist  \ud83d\udd34 Tune in now. \ud83c\uddf3\ud83c\udde6  namradiolocal \ud83c\udfb6 musichead musicmakers instamusiciansdaily musicradio musicartists radiostations  \u266c\u2669\u266a", "label": "NEU", "score": 0.968306303024292}
{"text": "Now playing on Nam Radio Local: Emakhaya by Mlindo The Vocalist  \ud83d\udd34 Tune in now. \ud83c\uddf3\ud83c\udde6  namradiolocal \ud83c\udfb6 musichead musicmakers instamusiciansdaily musicradio musicartists radiostations  \u266c\u2669\u266a", "label": "NEU", "score": 0.9650861620903015}
{"text": "Canadian vocalist and producer Eden Samara has shared details of her debut album, 'Rough Night', out next month on Local Action.It features guest production from Loraine James, Call Super and more", "label": "NEU", "score": 0.9306312799453735}
{"text": "If anyone is interested in being a vocalist for a local Florida band from Pasco. Hit me up livemusic swancore mathrock poppunk vocalists", "label": "NEU", "score": 0.8890746831893921}
{"text": "Maria Winter speaks to vocalist and guitarist Tim Cox from eclectic local alt. rock band Bosola about the influences behind their new EP", "label": "NEU", "score": 0.9579493403434753}
{"text": "Local Natives vocalist Kelcey Ayer has a FREE 21+ residency for his solo project, Jaws of Love., taking place in October at the Silverlake LoungeRSVP now: jawsoflove silverlakelounge justannounced", "label": "NEU", "score": 0.8806277513504028}
{"text": "Now playing on Nam Radio Local: Imoto by Mlindo The Vocalist \ud83d\udd34 Tune in now. \ud83c\uddf3\ud83c\udde6 namradiolocal \ud83c\udfb6 musichead musicmakers instamusiciansdaily music radio music artists radio stations \u266c\u2669\u266a", "label": "NEU", "score": 0.9660181403160095}
{"text": "Now playing on Nam Radio Local: Egoli (feat. Sjava) by Mlindo The Vocalist, Sjava  \ud83d\udd34 Tune in now. \ud83c\uddf3\ud83c\udde6  namradiolocal \ud83c\udfb6 musichead musicmakers instamusiciansdaily musicradio musicartists radiostations  \u266c\u2669\u266a", "label": "NEU", "score": 0.9669640064239502}
{"text": "He's not just radio broadcaster at 97.1 OK FM but also a great singer-songwriter; he is the lead vocalist of the local rock band Jennifer is Missing (JIM) in Albay. His band also took part in the campaign to show support for former Vice-President, Atty. Leni Robredo,", "label": "POS", "score": 0.6618778705596924}
{"text": "Local artist Malaki will be supporting SAY ( and ) this Thur. Malaki is a multi-instrumentalist, vocalist and songwriter who has been making music from home since his early teens.", "label": "NEU", "score": 0.7983832955360413}
{"text": "Now playing on Nam Radio Local: AmaBlesser (Remix) (feat. Rayvanny) by Mlindo The Vocalist, Rayvanny  \ud83d\udd34 Tune in now. \ud83c\uddf3\ud83c\udde6  namradiolocal \ud83c\udfb6 musichead musicmakers instamusiciansdaily musicradio musicartists radiostations  \u266c\u2669\u266a", "label": "NEU", "score": 0.9642795324325562}
{"text": "Now playing on Nam Radio Local: Imoto by Mlindo The Vocalist \ud83d\udd34 Tune in now. \ud83c\uddf3\ud83c\udde6 namradiolocal \ud83c\udfb6 musichead musicmakers instamusiciansdaily music radio music artists radio stations \u266c\u2669\u266a", "label": "NEU", "score": 0.9660181403160095}
{"text": "Now playing on Nam Radio Local: Egoli (feat. Sjava) by Mlindo The Vocalist, Sjava  \ud83d\udd34 Tune in now. \ud83c\uddf3\ud83c\udde6  namradiolocal \ud83c\udfb6 musichead musicmakers instamusiciansdaily musicradio musicartists radiostations  \u266c\u2669\u266a", "label": "NEU", "score": 0.9669640064239502}
{"text": "Now playing on Nam Radio Local: Cold Summer (feat. Vyno Miller) by Mlindo The Vocalist, Vyno Miller  \ud83d\udd34 Tune in now. \ud83c\uddf3\ud83c\udde6  namradiolocal \ud83c\udfb6 musichead musicmakers instamusiciansdaily musicradio musicartists radiostations  \u266c\u2669\u266a", "label": "NEU", "score": 0.9639939665794373}
{"text": "Circa 1975, Skyline members near the Top of Topanga Overlook. Skyline was a local cover band in Woodland Hills in the San Fernando Valley featuring my El Camino Real High school boyfriend as lead vocalist.", "label": "NEU", "score": 0.9357028603553772}
{"text": "a lot of local bands could actually go somewhere if they replaced the shitty vocalist", "label": "NEG", "score": 0.9757822751998901}
{"text": "Now playing on Nam Radio Local: Mosadi (feat. Vyno Miller) by Mlindo The Vocalist, Vyno Miller  \ud83d\udd34 Tune in now. \ud83c\uddf3\ud83c\udde6  namradiolocal \ud83c\udfb6 musichead musicmakers instamusiciansdaily musicradio musicartists radiostations  \u266c\u2669\u266a", "label": "NEU", "score": 0.9665198922157288}
{"text": "Now playing on Nam Radio Local: Macala (Radio Version) (feat. Sfeesoh, Kwesta & Thabsie) by Mlindo The Vocalist, Sfeesoh, Kwesta, Thabsie  \ud83d\udd34 Tune in now. \ud83c\uddf3\ud83c\udde6  namradiolocal \ud83c\udfb6 musichead musicmakers instamusiciansdaily musicradio musicartists radiostations  \u266c\u2669\u266a", "label": "NEU", "score": 0.9706313610076904}
{"text": "Now playing on Nam Radio Local: Usbahle by Mlindo The Vocalist  \ud83d\udd34 Tune in now. \ud83c\uddf3\ud83c\udde6  namradiolocal \ud83c\udfb6 musichead musicmakers instamusiciansdaily musicradio musicartists radiostations  \u266c\u2669\u266a", "label": "NEU", "score": 0.9641273617744446}
{"text": "Now playing on Nam Radio Local: Wamuhle (feat. Shwi Nomtekhala) by Mlindo The Vocalist, Shwi No Mtekhala \ud83d\udd34 Tune in now. \ud83c\uddf3\ud83c\udde6 namradiolocal \ud83c\udfb6 musichead musicmakers instamusiciansdaily musicradio musicartists radiostations \u266c\u2669\u266a", "label": "NEU", "score": 0.9710744023323059}
{"text": "Now playing on Nam Radio Local: Macala (feat. Sfeesoh, Kwesta & Thabsie) by Mlindo The Vocalist, Sfeesoh, Kwesta, Thabsie  \ud83d\udd34 Tune in now. \ud83c\uddf3\ud83c\udde6  namradiolocal \ud83c\udfb6 musichead musicmakers instamusiciansdaily musicradio musicartists radiostations  \u266c\u2669\u266a", "label": "NEU", "score": 0.9706400632858276}
{"text": "Nalento of international songs always while we have Zonke,Lira, Bucie, Msaki and Zanda and so on. We have very talented vocalist they could gave chose songs from local artist.  IdolsSA", "label": "POS", "score": 0.8499528765678406}
{"text": "Now playing on Nam Radio Local: Usukulude by Mlindo The Vocalist  \ud83d\udd34 Tune in now. \ud83c\uddf3\ud83c\udde6  namradiolocal \ud83c\udfb6 musichead musicmakers instamusiciansdaily musicradio musicartists radiostations  \u266c\u2669\u266a", "label": "NEU", "score": 0.9641833305358887}
{"text": "Now playing on Nam Radio Local: Mosadi (feat. Vyno Miller) by Mlindo The Vocalist, Vyno Miller  \ud83d\udd34 Tune in now. \ud83c\uddf3\ud83c\udde6  namradiolocal \ud83c\udfb6 musichead musicmakers instamusiciansdaily musicradio musicartists radiostations  \u266c\u2669\u266a", "label": "NEU", "score": 0.9665198922157288}
{"text": "Now playing on Nam Radio Local: Macala (feat. Sfeesoh, Kwesta & Thabsie) by Mlindo The Vocalist, Sfeesoh, Kwesta, Thabsie  \ud83d\udd34 Tune in now. \ud83c\uddf3\ud83c\udde6  namradiolocal \ud83c\udfb6 musichead musicmakers instamusiciansdaily musicradio musicartists radiostations  \u266c\u2669\u266a", "label": "NEU", "score": 0.9706400632858276}
{"text": "Now playing on Nam Radio Local: AmaBlesser (Remix) (feat. Rayvanny) by Mlindo The Vocalist, Rayvanny  \ud83d\udd34 Tune in now. \ud83c\uddf3\ud83c\udde6  namradiolocal \ud83c\udfb6 musichead musicmakers instamusiciansdaily musicradio musicartists radiostations  \u266c\u2669\u266a", "label": "NEU", "score": 0.9642795324325562}
{"text": "I'll do you one better, I not necessarily a fan of her music lol. But she's a solid vocalist live and on the record, she dances thru full concerts and her flute skills are unquestionable.", "label": "POS", "score": 0.9634026288986206}
{"text": "Now playing on Nam Radio Local: Mosadi (feat. Vyno Miller) by Mlindo The Vocalist, Vyno Miller  \ud83d\udd34 Tune in now. \ud83c\uddf3\ud83c\udde6  namradiolocal \ud83c\udfb6 musichead musicmakers instamusiciansdaily musicradio musicartists radiostations  \u266c\u2669\u266a", "label": "NEU", "score": 0.9665198922157288}
{"text": "Now playing on Nam Radio Local: Wamuhle (feat. Shwi Nomtekhala) by Mlindo The Vocalist, Shwi No Mtekhala \ud83d\udd34 Tune in now. \ud83c\uddf3\ud83c\udde6 namradiolocal \ud83c\udfb6 musichead musicmakers instamusiciansdaily musicradio musicartists radiostations \u266c\u2669\u266a", "label": "NEU", "score": 0.9710744023323059}
{"text": "Creative is our aim check my podcast live Local Contents & Commercial | Voice Over Vocalist, Mixing & Engineering SABC promotion Adverts VoiceOver Radio SoftLife deephouse SkeemSaam", "label": "NEU", "score": 0.6012477278709412}
{"text": "One time the vocalist for a terrible local band got mad after vanity searching and coming across me saying her band sucked and tried to Gotcha me by finding a previous instance of me mentioning said band and the best she could do was point out I was friends with her ex drummer.", "label": "NEG", "score": 0.9691731929779053}
{"text": "witnessed every reactor react to this very video and it was always the black permed hair guy (dokyeom again) same as the comments screaming and crying over the guy with the bright smile. he's so good. such a local fan attractor and a man of interest truly a great vocalist.....", "label": "POS", "score": 0.9627835750579834}
{"text": "Today is the last day to vote for Best of KC Your girl is nominated for Best Vocalist, Musician, Local Album, & Local Song. You can vote for me at the link below. Thank you again for nominating me, KC \u2764\ufe0f\ud83e\udd18\ud83c\udffbsingersongwriter KansasCity bestof", "label": "POS", "score": 0.9483332633972168}
{"text": "Now playing on Nam Radio Local: Ancestors by Mlindo The Vocalist  \ud83d\udd34 Tune in now. \ud83c\uddf3\ud83c\udde6  namradiolocal \ud83c\udfb6 musichead musicmakers instamusiciansdaily musicradio musicartists radiostations  \u266c\u2669\u266a", "label": "NEU", "score": 0.9630147814750671}
{"text": "Now playing on Nam Radio Local: Mosadi (feat. Vyno Miller) by Mlindo The Vocalist, Vyno Miller  \ud83d\udd34 Tune in now. \ud83c\uddf3\ud83c\udde6  namradiolocal \ud83c\udfb6 musichead musicmakers instamusiciansdaily musicradio musicartists radiostations  \u266c\u2669\u266a", "label": "NEU", "score": 0.9665198922157288}
{"text": "Now playing on Nam Radio Local: Lengoma by Mlindo The Vocalist  \ud83d\udd34 Tune in now. \ud83c\uddf3\ud83c\udde6  namradiolocal \ud83c\udfb6 musichead musicmakers instamusiciansdaily musicradio musicartists radiostations  \u266c\u2669\u266a", "label": "NEU", "score": 0.9639191031455994}
{"text": "Now playing on Nam Radio Local: AmaBlesser (feat. DJ Maphorisa) by Mlindo The Vocalist, DJ Maphorisa  \ud83d\udd34 Tune in now. \ud83c\uddf3\ud83c\udde6  namradiolocal \ud83c\udfb6 musichead musicmakers instamusiciansdaily musicradio musicartists radiostations  \u266c\u2669\u266a", "label": "NEU", "score": 0.95509934425354}
{"text": "Now playing on Nam Radio Local: Ancestors by Mlindo The Vocalist  \ud83d\udd34 Tune in now. \ud83c\uddf3\ud83c\udde6  namradiolocal \ud83c\udfb6 musichead musicmakers instamusiciansdaily musicradio musicartists radiostations  \u266c\u2669\u266a", "label": "NEU", "score": 0.9630147814750671}
{"text": "I used to think that if you didn\u2019t hear a vocalist covered by the local weekend warrior band (me 35 yrs ago), it was the ultimate compliment (unless it was a specific tribute band). But there are so many great voices out there. Has Paul Carrack been mentioned?", "label": "POS", "score": 0.983939528465271}
